Марка,Модель,Год выпуска,Двигатель,Мощность,КПП,Привод,Цвет,Пробег,Руль,Поколение,Комплектация,Цена
Лада,2109,2003,"бензин, 1.5 л","72 л.с., налог",механика,передний,серебристый,224 000,левый,"1 поколение, рестайлинг",0,95000
Лада,2110,2001,"бензин, 1.5 л","71 л.с., налог",механика,передний,синий,160 000,0,1 поколение,1.5 MT 2110,50000
Лада,2114 Самара,2006,"бензин, 1.6 л","120 л.с., налог",механика,передний,черный,100 000,левый,1 поколение,0,65000
Лада,2112,2004,"бензин, 1.5 л","91 л.с., налог",механика,передний,серый,137 674,левый,1 поколение,1.5 MT Базовая 5-дв. 2112,125000
Лада,2115 Самара,2011,"бензин, 1.6 л","81 л.с., налог",механика,передний,серый,90 000,левый,1 поколение,0,240000
Лада,2112,2002,"бензин, 1.5 л","91 л.с., налог",механика,передний,серебристый,200 000,левый,1 поколение,1.5 MT Базовая 5-дв. 2112,90000
Лада,2110,2006,"бензин, 1.6 л","89 л.с., налог",механика,передний,серебристый,35 000,0,1 поколение,1.6i MT 21104,110000
Лада,2109,1999,"бензин, 1.5 л","78 л.с., налог",механика,передний,зеленый,300 000,левый,"1 поколение, рестайлинг",1.5i MT Стандарт,50000
Лада,2109,2001,"бензин, 1.5 л","68 л.с., налог",механика,передний,зеленый,185 610,левый,"1 поколение, рестайлинг",0,60000
Лада,2109,1996,"бензин, 1.5 л","70 л.с., налог",механика,передний,бордовый,250 000,левый,"1 поколение, рестайлинг",1.5 MT Люкс,50000
Лада,2114 Самара,2003,"бензин, 1.5 л","77 л.с., налог",механика,передний,серебристый,180 000,левый,1 поколение,1.5 MT Базовая,140000
Лада,2110,2000,"бензин, 1.5 л","92 л.с., налог",механика,передний,0,200 000,0,1 поколение,0,39000
Лада,2112,2005,"бензин, 1.6 л","89 л.с., налог",механика,передний,зеленый,280 000,левый,1 поколение,1.6 MT Базовая 5-дв. 21124,80000
Лада,2114 Самара,2005,"бензин, 1.5 л","77 л.с., налог",механика,передний,серебристый,200 000,левый,1 поколение,1.5 MT Базовая,135000
Лада,2107,2008,0,0,0,0,коричневый,99 000,0,1 поколение,0,91430
Лада,2112,2004,"бензин, 1.5 л","78 л.с., налог",механика,передний,зеленый,277 870,левый,1 поколение,1.5 MT Базовая 5-дв. 21122,65000
Лада,2107,2002,"бензин, 1.6 л","74 л.с., налог",механика,задний,фиолетовый,125 000,0,1 поколение,1.6 MT 21074-30-013 Стандарт,36000
Лада,Веста,2018,"бензин, 1.6 л","106 л.с., налог",механика,передний,серый,81 000,левый,1 поколение,1.6 MT Comfort + пакет Image,900000
Лада,2114 Самара,2008,"бензин, 1.6 л","81 л.с., налог",механика,передний,зеленый,120 000,левый,1 поколение,1.6 MT 21144-22-010,100000
Лада,Ларгус,2012,"бензин, 1.6 л","84 л.с., налог",механика,передний,бежевый,200 000,левый,1 поколение,0,400000
Лада,2115 Самара,2010,"бензин, 1.6 л","81 л.с., налог",механика,передний,белый,129 000,левый,1 поколение,0,250000
Лада,2115 Самара,2001,"бензин, 1.5 л","76 л.с., налог",механика,передний,зеленый,250 000,левый,1 поколение,1.5i MT Базовая,35000
Лада,2101,1977,"бензин, 1.3 л","64 л.с., налог",механика,задний,желтый,10 000,левый,1 поколение,1.3 MT 21011,55000
Лада,2106,1991,"бензин, 1.3 л","64 л.с., налог",механика,задний,черный,77 777,левый,1 поколение,1.3 MT 21063,50000
Лада,21099,1997,"бензин, 1.5 л","70 л.с., налог",механика,передний,белый,100 000,левый,1 поколение,1.5 MT 21099-02 Люкс,48000
Лада,2107,2000,"бензин, 1.6 л","75 л.с., налог",механика,задний,фиолетовый,15 000,0,1 поколение,1.6 MT 21074,49990
Лада,2106,1998,"бензин, 1.5 л","72 л.с., налог",механика,задний,белый,89 000,левый,1 поколение,1.5 MT5 21061,67000
Лада,2107,1997,"бензин, 1.6 л","75 л.с., налог",механика,задний,красный,50 000,0,1 поколение,1.6 MT 21074,35000
Лада,Приора,2011,"бензин, 1.6 л","98 л.с., налог",механика,передний,зеленый,122 000,левый,1 поколение,1.6 MT Люкс 21723-73-039,280000
Лада,2107,2004,"бензин, 1.6 л","74 л.с., налог",механика,задний,зеленый,110 000,0,1 поколение,0,80000
Лада,21099,1999,"бензин, 1.5 л","70 л.с., налог",механика,передний,красный,300 000,левый,1 поколение,1.5 MT 210992-01 Норма,68000
Лада,2107,2010,"бензин, 1.6 л","72 л.с., налог",механика,задний,белый,92 500,0,1 поколение,0,79000
Лада,2110,2000,"бензин, 1.5 л","71 л.с., налог",механика,передний,голубой,254 444,0,1 поколение,1.5 MT 2110,100000
Лада,2114 Самара,2002,"бензин, 1.5 л","77 л.с., налог",механика,передний,серебристый,286 567,левый,1 поколение,0,90000
Лада,2113 Самара,2008,"бензин, 1.6 л","80 л.с., налог",механика,передний,зеленый,180 000,левый,1 поколение,1.6 MT 21134-22-010,93000
Лада,2114 Самара,2005,"бензин, 1.5 л","77 л.с., налог",механика,передний,серебристый,140 000,левый,1 поколение,1.5 MT Базовая,105000
Лада,2106,2003,"бензин, 1.6 л","75 л.с., налог",механика,задний,синий,245 000,левый,1 поколение,1.6 MT5 2106,45000
Лада,Х-рей,2016,"бензин, 1.8 л","122 л.с., налог",робот,передний,серебристый,61 000,левый,1 поколение,1.8 AMТ Top + пакет Prestige,670000
Лада,2107,2004,"бензин, 1.6 л","74 л.с., налог",механика,задний,синий,19 530,0,1 поколение,0,80000
Лада,2110,2003,"бензин, 1.5 л","90 л.с., налог",механика,передний,серебристый,215 000,0,1 поколение,1.5i MT 21103 ,109000
Лада,2104,2012,"бензин, 1.6 л","74 л.с., налог",механика,задний,серебристый,80 000,левый,1 поколение,1.6 MT 21041,120000
Лада,2109,1994,"бензин, 1.5 л","70 л.с., налог",механика,передний,серый,250 000,левый,"1 поколение, рестайлинг",0,65000
Лада,2114 Самара,2003,"бензин, 1.5 л","77 л.с., налог",механика,передний,серебристый,226 000,левый,1 поколение,1.5 MT Базовая,90000
Лада,2101,1978,"бензин, 1.3 л","64 л.с., налог",механика,задний,синий,65 221,левый,1 поколение,1.3 MT 21011,50000
Лада,2112,2005,"бензин, 1.6 л","89 л.с., налог",механика,передний,черный,150 000,левый,1 поколение,1.6 MT Базовая 5-дв. 21124,33000
Лада,2109,1995,"бензин, 1.5 л","72 л.с., налог",механика,передний,бордовый,200 000,левый,"1 поколение, рестайлинг",0,120000
Лада,2108,1996,"бензин, 1.3 л","64 л.с., налог",механика,передний,черный,78 000,левый,"1 поколение, рестайлинг",1.3 MT 21086,75000
Лада,2106,1993,"бензин, 1.5 л","72 л.с., налог",механика,задний,бордовый,89 000,левый,1 поколение,0,25000
Лада,2105,1997,"бензин, 1.5 л","71 л.с., налог",механика,задний,бордовый,100 000,0,1 поколение,1.5 MT5 21053,45000
Лада,2115 Самара,2003,"бензин, 1.5 л","70 л.с., налог",механика,передний,серебристый,152 282,левый,1 поколение,1.5 MT Базовая,58000
Лада,Приора,2010,"бензин, 1.6 л","98 л.с., налог",механика,передний,серебристый,138 800,левый,1 поколение,0,255000
Лада,2106,2001,"бензин, 1.6 л","75 л.с., налог",механика,задний,зеленый,21 597,левый,1 поколение,0,40000
Лада,2107,2001,"бензин, 1.5 л","71 л.с., налог",механика,задний,голубой,153 700,0,1 поколение,0,35999
Лада,21099,2003,"бензин, 1.5 л","72 л.с., налог",механика,передний,серый,56 000,левый,1 поколение,1.5 MT 21099-00 Стандарт,200000
Лада,2107,2012,"бензин, 1.6 л","74 л.с., налог",механика,задний,белый,84 152,0,1 поколение,0,125000
Лада,2101,1981,"бензин, 1.2 л","59 л.с., налог",механика,задний,оранжевый,88 224,левый,1 поколение,1.2 MT 21013,45000
Лада,21099,1999,"бензин, 1.5 л","70 л.с., налог",механика,передний,белый,98 000,левый,1 поколение,1.5 MT 21099-02 Люкс,69000
Лада,2106,1998,"бензин, 1.5 л","72 л.с., налог",механика,задний,белый,420 000,левый,1 поколение,0,47000
Лада,2109,1989,"бензин, 1.5 л","73 л.с., налог",механика,передний,бордовый,32,левый,1 поколение,1.5 MT,150000
Лада,Калина,2010,"бензин, 1.6 л","81 л.с., налог",механика,передний,серый,132 700,0,1 поколение,0,240000
Лада,Калина,2015,"бензин, 1.6 л","98 л.с., налог",АКПП,передний,белый,115 000,0,2 поколение,1.6 AT Люкс,550000
Лада,2115 Самара,2006,"бензин, 1.5 л","76 л.с., налог",механика,передний,черный,150 000,левый,1 поколение,1.5i MT Базовая,160000
Лада,2107,2004,"бензин, 1.6 л","74 л.с., налог",механика,задний,белый,55 236,0,1 поколение,0,65000
Лада,2105,2008,"бензин, 1.6 л","72 л.с., налог",механика,задний,бордовый,83 200,0,1 поколение,1.6 MT 21054-30,59000
Лада,2112,2002,"бензин, 1.5 л","91 л.с., налог",механика,передний,зеленый,22 000,левый,1 поколение,1.5 MT Базовая 5-дв. 2112,75000
Лада,2107,2008,"бензин, 1.6 л","72 л.с., налог",механика,задний,зеленый,58 431,0,1 поколение,1.6 MT 21074-30-012,130000
Лада,2109,2002,"бензин, 1.5 л","78 л.с., налог",механика,передний,черный,300 000,левый,"1 поколение, рестайлинг",1.5i MT Люкс,70000
Лада,2104,2002,"бензин, 1.5 л","71 л.с., налог",механика,задний,белый,12 836,левый,1 поколение,0,75000
Лада,4x4 2121 Нива,1996,"бензин, 1.7 л","79 л.с., налог",механика,4WD,зеленый,130 000,левый,1 поколение,1.7 MT,170000
Лада,2114 Самара,2005,"бензин, 1.5 л","77 л.с., налог",механика,передний,черный,120 000,левый,1 поколение,1.5 MT Базовая,105000
Лада,2112,2002,"бензин, 1.5 л","91 л.с., налог",механика,передний,серебристый,450 000,левый,1 поколение,1.5 MT Базовая 5-дв. 2112,90000
Лада,2110,2004,"бензин, 1.5 л","91 л.с., налог",механика,передний,серебристый,122 000,0,1 поколение,1.5i MT 21108 Премьер,92000
Лада,2107,2006,"бензин, 1.6 л","74 л.с., налог",механика,задний,белый,111 111,0,1 поколение,1.6 MT 21074-40-015,72000
Лада,2102,1982,"бензин, 1.2 л","59 л.с., налог",механика,задний,красный,70 000,левый,1 поколение,1.2 MT 21021-01,42000
Лада,2105,1986,"бензин, 1.3 л","64 л.с., налог",механика,задний,бежевый,1,0,1 поколение,1.3 MT5 21050,49000
Лада,2107,2011,"бензин, 1.6 л","72 л.с., налог",механика,задний,серебристый,81 500,0,1 поколение,0,165000
Лада,2114 Самара,2007,"бензин, 1.5 л","77 л.с., налог",механика,передний,черный,140 000,левый,1 поколение,1.5 MT Базовая,100000
Лада,2115 Самара,2006,"бензин, 1.5 л","76 л.с., налог",механика,передний,черный,209 000,левый,1 поколение,1.5i MT Базовая,110000
Лада,2108,1996,"бензин, 1.5 л","70 л.с., налог",механика,передний,бордовый,200 000,левый,"1 поколение, рестайлинг",1.5 MT 21083-00 Стандарт,60000
Лада,2106,1997,"бензин, 1.6 л","75 л.с., налог",механика,задний,белый,33 055,левый,1 поколение,1.6 MT5 2106,55555
Лада,2115 Самара,2006,"бензин, 1.5 л","70 л.с., налог",механика,передний,серебристый,90 000,левый,1 поколение,1.5 MT Базовая,69000
Лада,2107,2004,"бензин, 1.5 л","71 л.с., налог",механика,задний,зеленый,144 000,0,1 поколение,0,36000
Лада,2106,1984,"бензин, 1.3 л","64 л.с., налог",механика,задний,0,23 000,левый,1 поколение,1.3 MT 21063,58499
Лада,2115 Самара,2007,"бензин, 1.6 л","81 л.с., налог",механика,передний,черный,230 000,левый,1 поколение,0,80000
Лада,2114 Самара,2012,"бензин, 1.6 л","81 л.с., налог",механика,передний,серебристый,100 000,левый,1 поколение,0,160000
Лада,2106,1996,"бензин, 1.6 л","75 л.с., налог",механика,задний,бежевый,130 000,левый,1 поколение,0,65000
Лада,2104,2004,"бензин, 1.5 л","71 л.с., налог",механика,задний,зеленый,50 000,левый,1 поколение,1.5 MT 21041 VF,80000
Лада,2109,2001,"бензин, 1.5 л","68 л.с., налог",механика,передний,0,80 000,левый,"1 поколение, рестайлинг",0,70000
Лада,2115 Самара,2004,"бензин, 1.5 л","76 л.с., налог",механика,передний,красный,100 000,левый,1 поколение,1.5i MT Базовая,85000
Лада,2107,2011,"бензин, 1.6 л","74 л.с., налог",механика,задний,серебристый,20 377,0,1 поколение,1.6 MT 21074-40-015 Стандарт,239000
Лада,2109,2004,"бензин, 1.5 л","78 л.с., налог",механика,передний,серебристый,100 000,левый,"1 поколение, рестайлинг",1.5i MT Люкс,63000
Лада,2104,2011,"бензин, 1.6 л","74 л.с., налог",механика,задний,красный,21 000,левый,1 поколение,1.6 MT 21041,130000
Лада,Приора,2011,"бензин, 1.6 л, ГБО","98 л.с., налог",механика,передний,черный,293 000,левый,1 поколение,0,170000
Лада,2107,2007,"бензин, 1.6 л","74 л.с., налог",механика,задний,синий,58 963,0,1 поколение,0,130000
Лада,2107,2008,"бензин, 1.6 л","74 л.с., налог",механика,задний,бордовый,50 000,0,1 поколение,0,80000
Лада,2101,1980,"бензин, 1.3 л","64 л.с., налог",механика,задний,бежевый,999 999,правый,0,0,45000
Лада,2106,1998,"бензин, 1.6 л","75 л.с., налог",механика,задний,белый,67 067,левый,1 поколение,1.6 MT5 2106,170000
Лада,Приора,2011,"бензин, 1.6 л","98 л.с., налог",механика,передний,синий,180 000,левый,1 поколение,1.6 MT Норма 21723-71-039,305000
Лада,2106,2005,"бензин, 1.6 л","75 л.с., налог",механика,задний,белый,38 000,левый,1 поколение,1.6 MT 21065,80000
Лада,Приора,2010,"бензин, 1.6 л","98 л.с., налог",механика,передний,белый,246 000,левый,1 поколение,1.6 MT Люкс 21723-01-018,240000
Лада,Веста,2020,"бензин, 1.6 л","106 л.с., налог",механика,передний,красный,78 000,левый,1 поколение,0,800000
Лада,2107,2011,"бензин, 1.6 л","72 л.с., налог",механика,задний,серый,78 250,0,1 поколение,1.6 MT 21074-40-013 Стандарт,125000
Лада,Гранта,2014,"бензин, 1.6 л","98 л.с., налог",АКПП,передний,серебристый,54 450,левый,1 поколение,1.6 AT Норма,360000
Лада,21099,1993,"бензин, 1.5 л","70 л.с., налог",механика,передний,белый,185 000,левый,1 поколение,0,45000
Лада,2104,2001,"бензин, 1.5 л","71 л.с., налог",механика,задний,белый,79 000,левый,1 поколение,1.5 MT 21041 VF,55000
Лада,Приора,2014,"бензин, 1.6 л","106 л.с., налог",механика,передний,черный,133 000,левый,"1 поколение, рестайлинг",0,360000
Лада,2109,2002,"бензин, 1.5 л","77 л.с., налог",механика,передний,синий,320 000,правый,0,0,55000
Лада,2105,2002,"бензин, 1.5 л","71 л.с., налог",механика,задний,зеленый,113 000,0,1 поколение,0,87000
Лада,4x4 2121 Нива,2003,"бензин, 1.7 л","79 л.с., налог",механика,4WD,белый,1,левый,1 поколение,1.7 MT Base,175000
Лада,2115 Самара,2001,"бензин, 1.5 л","70 л.с., налог",механика,передний,серебристый,103 000,левый,1 поколение,1.5 MT Базовая,95000
Лада,2104,2001,"бензин, 1.5 л","71 л.с., налог",механика,задний,зеленый,59 000,левый,1 поколение,1.5 MT5 21043,65000
Лада,2107,2002,"бензин, 1.6 л","74 л.с., налог",механика,задний,фиолетовый,100 000,0,1 поколение,0,78000
Лада,2104,1997,"бензин, 1.5 л","71 л.с., налог",механика,задний,белый,100 000,левый,1 поколение,0,85000
Лада,Гранта,2013,"бензин, 1.6 л","87 л.с., налог",механика,передний,голубой,99 484,левый,1 поколение,1.6 MT Норма 013 ,240000
Лада,Ларгус,2013,"бензин, 1.6 л","84 л.с., налог",механика,передний,серебристый,215 000,левый,1 поколение,0,470000
Лада,Калина,2012,"бензин, 1.6 л","81 л.с., налог",механика,передний,красный,145 000,0,1 поколение,0,320000
Лада,Калина,2006,"бензин, 1.6 л","80 л.с., налог",механика,передний,синий,183 000,0,1 поколение,1.6 MT Норма 11193-30-046,179000
Лада,Веста,2019,"бензин, 1.6 л","106 л.с., налог",механика,передний,коричневый,69 000,левый,1 поколение,0,799000
Лада,2106,1994,"бензин, 1.6 л","75 л.с., налог",механика,задний,бежевый,17 614,левый,1 поколение,0,50000
Лада,2107,2010,"бензин, 1.6 л","72 л.с., налог",механика,задний,белый,60 000,0,1 поколение,0,90000
Лада,2107,2005,"бензин, 1.6 л","74 л.с., налог",механика,задний,белый,300 000,0,1 поколение,1.6 MT 21074-30-011,45000
Лада,2106,1991,"бензин, 1.3 л","64 л.с., налог",механика,задний,белый,150 004,левый,1 поколение,1.3 MT 21063,28000
Лада,2106,1990,"бензин, 1.3 л","64 л.с., налог",механика,задний,бежевый,137 000,левый,1 поколение,1.3 MT 21063,71000
Лада,2110,2000,"бензин, 1.5 л","71 л.с., налог",механика,передний,коричневый,11 111,0,1 поколение,1.5 MT 2110,75000
Лада,Приора,2010,"бензин, 1.6 л","98 л.с., налог",механика,передний,серебристый,83 000,левый,1 поколение,1.6 MT Норма 21723-01-011,285000
Лада,Веста Кросс,2020,"бензин, 1.6 л","106 л.с., налог",механика,передний,серый,17 000,левый,1 поколение,1.6 MT Comfort,1099000
Лада,Приора,2012,"бензин, 1.6 л, ГБО","98 л.с., налог",механика,передний,черный,155 588,левый,1 поколение,0,260000
Лада,2107,2011,"бензин, 1.6 л","72 л.с., налог",механика,задний,синий,63 000,0,1 поколение,1.6 MT 21074-30-011,169000
Лада,2109,2000,"бензин, 1.5 л","68 л.с., налог",механика,передний,зеленый,200 000,левый,"1 поколение, рестайлинг",0,63000
Лада,Приора,2012,"бензин, 1.6 л","87 л.с., налог",механика,передний,синий,151 000,левый,1 поколение,1.6 МТ Стандарт 21702-20-040,280000
Лада,2110,1997,"бензин, 1.5 л","71 л.с., налог",механика,передний,синий,240 000,0,1 поколение,1.5 MT 2110,45000
Лада,Приора,2008,"бензин, 1.6 л","98 л.с., налог",механика,передний,черный,235 000,левый,1 поколение,1.6 MT Норма 21723-01-012,215000
Лада,2106,1987,"бензин, 1.3 л","64 л.с., налог",механика,задний,белый,87 000,левый,1 поколение,1.3 MT 21063,48000
Лада,Приора,2011,"бензин, 1.6 л","98 л.с., налог",механика,передний,черный,167 830,левый,1 поколение,1.6 MT Норма 21723-01-011,250000
Лада,21099,2000,"бензин, 1.5 л","70 л.с., налог",механика,передний,розовый,160 000,левый,1 поколение,1.5 MT 21099-02 Люкс,80000
Лада,2114 Самара,2010,"бензин, 1.6 л","80 л.с., налог",механика,передний,серый,25 000,левый,1 поколение,0,120000
Лада,2107,2001,"бензин, 1.6 л","74 л.с., налог",механика,задний,бордовый,77 675,0,1 поколение,1.6 MT 21074-30-011,73000
Лада,2104,1997,"бензин, 1.5 л","71 л.с., налог",механика,задний,черный,100 000,левый,1 поколение,0,68000
Лада,2106,1997,"бензин, 1.6 л","75 л.с., налог",механика,задний,белый,71 809,левый,1 поколение,1.6 MT5 2106,33000
Лада,2114 Самара,2006,"бензин, 1.6 л","80 л.с., налог",механика,передний,зеленый,999,левый,1 поколение,1.6 MT Базовая,80000
Лада,2109,2003,"бензин, 1.5 л","78 л.с., налог",механика,передний,серебристый,500 000,левый,"1 поколение, рестайлинг",0,52000
Лада,2105,2002,"бензин, 1.5 л","71 л.с., налог",механика,задний,зеленый,112 830,0,1 поколение,0,75000
Лада,2106,2001,"бензин, 1.6 л","75 л.с., налог",механика,задний,зеленый,100 000,левый,1 поколение,1.6 MT4 2106,65000
Лада,Приора,2013,"бензин, 1.6 л","98 л.с., налог",механика,передний,серебристый,198 000,левый,"1 поколение, рестайлинг",0,230000
Лада,2106,1996,"бензин, 1.5 л","72 л.с., налог",механика,задний,бежевый,92 580,левый,1 поколение,0,35000
Лада,Приора,2010,"бензин, 1.6 л","98 л.с., налог",механика,передний,серый,170 000,левый,1 поколение,0,239000
Лада,2104,1995,"бензин, 1.5 л","71 л.с., налог",механика,задний,красный,25 000,левый,1 поколение,1.5 MT 21041 VF,33000
Лада,2115 Самара,2008,"бензин, 1.6 л","80 л.с., налог",механика,передний,черный,117 000,левый,1 поколение,1.6 MT 21154-20-010,140000
Лада,2106,2000,"бензин, 1.6 л","75 л.с., налог",механика,задний,0,76 000,левый,1 поколение,0,67000
Лада,2113 Самара,2005,"бензин, 1.5 л","77 л.с., налог",механика,передний,белый,166 000,левый,1 поколение,1.5 MT Базовая,100000
Лада,2105,2002,"бензин, 1.5 л","71 л.с., налог",механика,задний,синий,54 000,0,1 поколение,1.5 MT5 21053,40000
Лада,2107,2008,"бензин, 1.6 л","72 л.с., налог",механика,задний,белый,56 037,0,1 поколение,0,105000
Лада,2111,2001,"бензин, 1.5 л","72 л.с., налог",механика,передний,серебристый,219 000,левый,1 поколение,1.5 MT Норма,82000
Лада,2105,2005,"бензин, 1.5 л","71 л.с., налог",механика,задний,белый,80 000,0,1 поколение,1.5 MT5 21053,39000
Лада,2107,2008,"бензин, 1.6 л","76 л.с., налог",механика,задний,белый,686 638,0,1 поколение,1.6 MT 21074,63000
Лада,2109,1994,"бензин, 1.5 л","69 л.с., налог",механика,передний,бежевый,200 000,левый,"1 поколение, рестайлинг",1.5 MT Стандарт,45000
Лада,2107,2005,"бензин, 1.6 л","74 л.с., налог",механика,задний,белый,130 000,0,1 поколение,1.6 MT 21074-30-011,33000
Лада,2110,2004,"бензин, 1.5 л","89 л.с., налог",механика,передний,серебристый,205 000,0,1 поколение,1.5i MT 21103 ,118000
Лада,2110,2002,"бензин, 1.5 л","70 л.с., налог",механика,передний,синий,66 000,0,1 поколение,1.5 MT 2110,89000
Лада,2107,2011,"бензин, 1.6 л","74 л.с., налог",механика,задний,бордовый,117 000,0,1 поколение,0,215000
Лада,2115 Самара,2002,"бензин, 1.5 л","76 л.с., налог",механика,передний,0,200 000,левый,1 поколение,1.5i MT Базовая,100000
Лада,2106,2003,"бензин, 1.6 л","75 л.с., налог",механика,задний,фиолетовый,81 500,левый,1 поколение,0,99000
Лада,2106,1990,"бензин, 1.3 л","64 л.с., налог",механика,задний,голубой,40 000,левый,1 поколение,1.3 MT 21063,49900
Лада,2109,2001,"бензин, 1.5 л","72 л.с., налог",механика,передний,серебристый,250 000,левый,"1 поколение, рестайлинг",0,6666
Лада,2114 Самара,2008,"бензин, 1.6 л","80 л.с., налог",механика,передний,синий,240 000,левый,1 поколение,1.6 MT 21144-20-010,138500
Лада,2111,1999,"бензин, 1.5 л","72 л.с., налог",механика,передний,коричневый,200 000,левый,1 поколение,0,25000
Лада,2114 Самара,2008,"бензин, 1.6 л","81 л.с., налог",механика,передний,зеленый,247 000,левый,1 поколение,0,165000
Лада,2107,2011,0,"72 л.с., налог",автомат,задний,0,22 217,0,1 поколение,0,165000
Лада,Приора,2010,"бензин, 1.6 л","80 л.с., налог",механика,передний,белый,112 846,левый,1 поколение,1.6 MT Стандарт 21702-00-010,175000
Лада,2109,1997,"бензин, 1.5 л","70 л.с., налог",механика,передний,белый,100 000,левый,"1 поколение, рестайлинг",0,42000
Лада,4x4 2121 Нива,1990,"бензин, 1.6 л","73 л.с., налог",механика,4WD,белый,21 360,левый,1 поколение,1.6 MT Base,147000
Лада,2107,2007,"бензин, 1.6 л","74 л.с., налог",механика,задний,бордовый,130 000,0,1 поколение,1.6 MT 21074-30-011,40000
Лада,2111,2001,"бензин, 1.5 л","72 л.с., налог",механика,передний,голубой,222 500,левый,1 поколение,0,87000
Лада,2101,1978,"бензин, 1.3 л","64 л.с., налог",механика,задний,желтый,60 000,левый,1 поколение,1.3 MT 21011,70000
Лада,2107,2008,"бензин, 1.6 л","74 л.с., налог",механика,задний,белый,82 000,0,1 поколение,1.6 MT 21074-40-015,125000
Лада,2114 Самара,2005,"бензин, 1.5 л","77 л.с., налог",механика,передний,серебристый,120 000,левый,1 поколение,1.5 MT Базовая,120000
Лада,4x4 2121 Нива,1995,"бензин, 1.7 л","80 л.с., налог",механика,4WD,белый,50 000,левый,1 поколение,1.7 MT,200000
Лада,Калина,2012,"бензин, 1.6 л","81 л.с., налог",механика,передний,синий,107 500,0,1 поколение,1.6 MT Стандарт 11173-41-040,340000
Лада,2115 Самара,2007,"бензин, 1.6 л","81 л.с., налог",механика,передний,синий,356 770,левый,1 поколение,0,95000
Лада,Ларгус Кросс,2018,"бензин, 1.6 л","106 л.с., налог",механика,передний,серый,220 000,левый,1 поколение,1.6 MT Luxe 5 мест,600000
Лада,2114 Самара,2007,"бензин, 1.6 л","81 л.с., налог",механика,передний,черный,111 111,левый,1 поколение,1.6 MT 21144-20-010,130000
Лада,2114 Самара,2009,"бензин, 1.6 л","81 л.с., налог",механика,передний,зеленый,185 425,левый,1 поколение,1.6 MT 21144-20-010,115000
Лада,2105,1994,"бензин, 1.5 л","71 л.с., налог",механика,задний,красный,100 000,0,1 поколение,0,35000
Лада,2110,2003,"бензин, 1.5 л","91 л.с., налог",механика,передний,зеленый,300 000,0,1 поколение,0,20000
Лада,2114 Самара,2010,"бензин, 1.6 л","81 л.с., налог",механика,передний,серебристый,90 000,левый,1 поколение,1.6 MT 21144-20-010,155000
Лада,2111,2002,"бензин, 1.5 л","91 л.с., налог",механика,передний,зеленый,171 000,левый,1 поколение,1.5i MT Стандарт,100000
Лада,2110,2005,"бензин, 1.6 л","80 л.с., налог",механика,передний,голубой,100 000,0,1 поколение,1.6i MT 21101,130000
Лада,Калина,2006,"бензин, 1.6 л","81 л.с., налог",механика,передний,зеленый,200 000,0,1 поколение,1.6 MT 11183-31-040 Норма,90000
Лада,2114 Самара,2007,"бензин, 1.6 л","81 л.с., налог",механика,передний,серебристый,158 007,левый,1 поколение,1.6 MT 21144-22-010,95000
Лада,2104,2001,"бензин, 1.5 л","71 л.с., налог",механика,задний,зеленый,89 000,левый,1 поколение,1.5 MT 21041 VF,69000
Лада,2114 Самара,2014,"бензин, 1.6 л","81 л.с., налог",механика,передний,черный,100 000,левый,1 поколение,1.6 MT 21144-42-020,280000
Лада,2107,2008,"бензин, 1.6 л","72 л.с., налог",механика,задний,коричневый,150 000,0,1 поколение,0,45000
Лада,2114 Самара,2006,"бензин, 1.5 л","77 л.с., налог",механика,передний,0,160 000,левый,1 поколение,1.5 MT Базовая,66000
Лада,2107,2005,"бензин, 1.6 л","74 л.с., налог",механика,задний,белый,18 000,0,1 поколение,0,70000
Лада,2109,2003,"бензин, 1.5 л","78 л.с., налог",механика,передний,серебристый,160 000,левый,"1 поколение, рестайлинг",1.5i MT,50000
Лада,Приора,2010,"бензин, 1.6 л","80 л.с., налог",механика,передний,белый,238 000,левый,1 поколение,1.6 MT Стандарт 21702-00-010,220000
Лада,2110,2004,"бензин, 1.5 л","78 л.с., налог",механика,передний,серебристый,300 000,0,1 поколение,1.5i MT 21102,30000
Лада,2107,2010,"бензин, 1.6 л","72 л.с., налог",механика,задний,серый,100 000,0,1 поколение,0,120000
Лада,Калина Спорт,2011,"бензин, 1.4 л","89 л.с., налог",механика,передний,серый,136 000,0,1 поколение,"1.4 MT Люкс  075, 076, 096",250000
Лада,2110,2004,"бензин, 1.5 л","78 л.с., налог",механика,передний,серебристый,120 000,0,1 поколение,1.5i MT 21102,85000
Лада,2108,1988,"бензин, 1.3 л","63 л.с., налог",механика,передний,белый,111 111,левый,1 поколение,0,35000
Лада,2112,2006,"бензин, 1.6 л","89 л.с., налог",механика,передний,серебристый,235 000,левый,1 поколение,1.6 MT Базовая 5-дв. 21124,130000
Лада,Ларгус,2020,"бензин, 1.6 л","106 л.с., налог",механика,передний,белый,22 033,левый,1 поколение,1.6 MT Kub,879000
Лада,21099,2001,"бензин, 1.5 л","72 л.с., налог",механика,передний,серый,150 000,левый,1 поколение,1.5 MT 21099-00 Стандарт,35000
Лада,2107,2011,"бензин, 1.6 л","74 л.с., налог",механика,задний,белый,85 000,0,1 поколение,1.6 MT 21074-30-011,135000
Лада,2106,1989,"бензин, 1.3 л","64 л.с., налог",механика,задний,голубой,85 000,левый,1 поколение,1.3 MT 21063,65000
Лада,4x4 2121 Нива,1999,"бензин, 1.7 л","79 л.с., налог",механика,4WD,зеленый,70 900,левый,1 поколение,0,110000
Лада,2114 Самара,2004,"бензин, 1.5 л","77 л.с., налог",механика,передний,бежевый,325 000,левый,1 поколение,1.5 MT Базовая,70000
Лада,2107,2010,"бензин, 1.6 л","74 л.с., налог",механика,задний,серебристый,97 380,0,1 поколение,1.6 MT 21074-40-015,83000
Лада,2110,2002,"бензин, 1.5 л","78 л.с., налог",механика,передний,серый,77 777,0,1 поколение,1.5i MT 21102,39000
Лада,2104,2001,"бензин, 1.5 л","71 л.с., налог",механика,задний,зеленый,102 000,левый,1 поколение,0,65000
Лада,2114 Самара,2009,"бензин, 1.6 л","80 л.с., налог",механика,передний,серебристый,53 625,левый,1 поколение,1.6 MT 21144-22-010,329000
Лада,2114 Самара,2008,"бензин, 1.6 л","80 л.с., налог",механика,передний,черный,50 000,левый,1 поколение,1.6 MT 21144-20-010,90000
Лада,2104,2001,"бензин, 1.5 л","71 л.с., налог",механика,задний,белый,23 000,левый,1 поколение,1.5 MT4 21043,40000
Лада,2115 Самара,2006,"бензин, 1.5 л","76 л.с., налог",механика,передний,серебристый,140 000,левый,1 поколение,1.5i MT Базовая,95000
Лада,4x4 2121 Нива,2012,"бензин, 1.7 л","83 л.с., налог",механика,4WD,бордовый,64 000,левый,1 поколение,0,370000
Лада,2105,1998,"бензин, 1.5 л","71 л.с., налог",механика,задний,красный,119 000,0,1 поколение,0,100000
Лада,4x4 2121 Нива,1990,"бензин, 1.6 л","73 л.с., налог",механика,4WD,белый,82 000,левый,1 поколение,1.6 MT Base,100000
Лада,2106,1998,"бензин, 1.5 л","72 л.с., налог",механика,задний,зеленый,7 777,левый,1 поколение,0,45000
Лада,2113 Самара,2008,"бензин, 1.6 л","80 л.с., налог",механика,передний,серый,285 000,левый,1 поколение,0,90000
Лада,Приора,2011,"бензин, 1.6 л","98 л.с., налог",механика,передний,черный,143 000,левый,1 поколение,0,275000
Лада,21099,1996,"бензин, 1.5 л","72 л.с., налог",механика,передний,зеленый,270 000,левый,1 поколение,0,69000
Лада,2114 Самара,2011,"бензин, 1.6 л","81 л.с., налог",механика,передний,черный,180 000,левый,1 поколение,1.6 MT 21144-32-010,160000
Лада,2105,1992,"бензин, 1.5 л","71 л.с., налог",механика,задний,черный,80 000,0,1 поколение,1.5 MT5 21053-20,35000
Лада,4x4 2131 Нива,2012,"бензин, 1.7 л","83 л.с., налог",механика,4WD,серый,170 000,левый,1 поколение,0,219300
Лада,2106,1995,"бензин, 1.6 л","75 л.с., налог",механика,задний,синий,27 000,левый,1 поколение,0,60000
Лада,4x4 2121 Нива,2011,"бензин, 1.7 л","80 л.с., налог",механика,4WD,синий,115 000,левый,1 поколение,1.7 MT Стандарт,259000
Лада,2106,1995,"бензин, 1.5 л","72 л.с., налог",механика,задний,0,180 000,левый,1 поколение,0,38000
Лада,2115 Самара,2010,"бензин, 1.6 л","80 л.с., налог",механика,передний,серебристый,164 648,левый,1 поколение,1.6 MT 21154-20-010,165000
Лада,Приора,2011,"бензин, 1.6 л","98 л.с., налог",механика,передний,зеленый,124 000,левый,1 поколение,0,260000
Лада,2110,2000,"бензин, 1.5 л","78 л.с., налог",механика,передний,фиолетовый,240 000,0,1 поколение,1.5i MT 21102,91000
Лада,4x4 2131 Нива,2011,"бензин, 1.7 л","80 л.с., налог",механика,4WD,серебристый,59 000,левый,1 поколение,0,395000
Лада,2109,2001,"бензин, 1.5 л","71 л.с., налог",механика,передний,белый,150 000,левый,"1 поколение, рестайлинг",1.5 MT Люкс,59000
Лада,2114 Самара,2004,"бензин, 1.5 л","77 л.с., налог",механика,передний,белый,150 000,левый,1 поколение,1.5 MT Базовая,84000
Лада,Гранта,2012,"бензин, 1.6 л","87 л.с., налог",механика,передний,серебристый,107 300,левый,1 поколение,0,260000
Лада,2107,2005,"бензин, 1.6 л","74 л.с., налог",механика,задний,зеленый,112 000,0,1 поколение,0,50000
Лада,Калина,2007,"бензин, 1.6 л","81 л.с., налог",механика,передний,фиолетовый,184 000,0,1 поколение,1.6 MT 11183-31-040 Норма,180000
Лада,21099,1997,"бензин, 1.5 л","70 л.с., налог",механика,передний,синий,253 501,левый,1 поколение,0,57570
Лада,21099,2000,"бензин, 1.5 л","72 л.с., налог",механика,передний,зеленый,120 000,левый,1 поколение,1.5 MT 21099-02 Люкс,69000
Лада,2107,1999,"бензин, 1.5 л","71 л.с., налог",механика,задний,белый,37 000,0,1 поколение,0,75000
Лада,2105,1997,"бензин, 1.5 л","71 л.с., налог",механика,задний,зеленый,68 282,0,1 поколение,0,17000
Лада,2115 Самара,2002,бензин,0,0,0,0,147 000,левый,1 поколение,0,83000
Лада,2111,2004,"бензин, 1.5 л","78 л.с., налог",механика,передний,красный,70 000,левый,1 поколение,1.5i MT Стандарт,163000
Лада,2107,2004,"бензин, 1.6 л","72 л.с., налог",механика,задний,белый,52 914,0,1 поколение,0,70000
Лада,2105,1996,"бензин, 1.5 л","71 л.с., налог",механика,задний,0,70 000,0,1 поколение,0,35000
Лада,Приора,2008,"бензин, 1.6 л","98 л.с., налог",механика,передний,черный,60 000,левый,1 поколение,1.6 MT Норма 21723-01-011,230000
Лада,2104,2002,"бензин, 1.5 л","71 л.с., налог",механика,задний,бордовый,42 000,левый,1 поколение,1.5 MT 21041 VF,64000
Лада,4x4 2131 Нива,2012,"бензин, 1.7 л","83 л.с., налог",механика,4WD,бежевый,80 000,левый,1 поколение,0,167000
Лада,2109,1995,"бензин, 1.5 л","78 л.с., налог",механика,передний,коричневый,120 000,левый,"1 поколение, рестайлинг",0,55000
Лада,2114 Самара,2004,"бензин, 1.5 л","77 л.с., налог",механика,передний,серебристый,148 520,левый,1 поколение,1.5 MT Базовая,100000
Лада,2109,1995,"бензин, 1.5 л","70 л.с., налог",механика,передний,черный,69 855,левый,"1 поколение, рестайлинг",1.5 MT Люкс,58000
Лада,2105,2003,"бензин, 1.5 л","71 л.с., налог",механика,задний,белый,90 000,0,1 поколение,0,65000
Лада,Калина,2007,"бензин, 1.6 л","81 л.с., налог",механика,передний,синий,184 000,0,1 поколение,1.6 MT 11183-30-046 Норма,165000
Лада,2114 Самара,2007,"бензин, 1.6 л","81 л.с., налог",механика,передний,черный,150 000,левый,1 поколение,0,95000
Лада,2104,2004,"бензин, 1.5 л","71 л.с., налог",механика,задний,красный,82 000,левый,1 поколение,1.5 MT4 21043,46000
Лада,2107,2002,"бензин, 1.6 л","74 л.с., налог",механика,задний,бордовый,10 678,0,1 поколение,0,55000
Лада,2114 Самара,2011,"бензин, 1.6 л","81 л.с., налог",механика,передний,черный,224 000,левый,1 поколение,0,115000
Лада,2114 Самара,2007,"бензин, 1.6 л","81 л.с., налог",механика,передний,серебристый,220 000,левый,1 поколение,0,103000
Лада,2112,2004,"бензин, 1.5 л","93 л.с., налог",механика,передний,серебристый,165 000,левый,1 поколение,1.5 MT Базовая 5-дв.,109000
Лада,4x4 2121 Нива,2013,"бензин, 1.7 л","83 л.с., налог",механика,4WD,белый,138 000,левый,1 поколение,1.7 MT Стандарт + ABS+BAS,374000
Лада,2112,2008,"бензин, 1.6 л","89 л.с., налог",механика,передний,серебристый,260 000,левый,1 поколение,1.6 MT Базовая 5-дв. 21124,120000
Лада,2114 Самара,2010,"бензин, 1.6 л","81 л.с., налог",механика,передний,0,213 000,левый,1 поколение,1.6 MT 21144-20-010,110000
Лада,Гранта,2012,"бензин, 1.6 л","87 л.с., налог",механика,передний,синий,174 000,левый,1 поколение,1.6 MT Норма 014,280000
Лада,2114 Самара,2011,"бензин, 1.6 л","81 л.с., налог",механика,передний,зеленый,156 000,левый,1 поколение,1.6 MT 21144-30-010,250000
Лада,2115 Самара,2008,"бензин, 1.6 л","81 л.с., налог",механика,передний,черный,249 800,левый,1 поколение,0,138000
Лада,2114 Самара,2011,"бензин, 1.6 л","81 л.с., налог",механика,передний,черный,139 000,левый,1 поколение,1.6 MT 21144-32-010,280000
Лада,2107,2007,"бензин, 1.6 л","74 л.с., налог",механика,задний,зеленый,160 000,0,1 поколение,0,45000
Лада,2114 Самара,2006,"бензин, 1.5 л","77 л.с., налог",механика,передний,зеленый,224 235,левый,1 поколение,1.5 MT Базовая,80000
Лада,2114 Самара,2010,"бензин, 1.6 л","89 л.с., налог",механика,передний,черный,200 000,левый,1 поколение,1.6 MT 211440-24,155000
Лада,2106,1996,"бензин, 1.6 л","75 л.с., налог",механика,задний,синий,80 000,левый,1 поколение,0,40000
Лада,Приора,2008,"бензин, 1.6 л","98 л.с., налог",механика,передний,зеленый,76 000,левый,1 поколение,0,240000
Лада,2107,2001,"бензин, 1.6 л","74 л.с., налог",механика,задний,бордовый,77 457,0,1 поколение,1.6 MT 21074-30-011,45000
Лада,2113 Самара,2008,"бензин, 1.6 л","80 л.с., налог",механика,передний,серебристый,110 000,левый,1 поколение,1.6 MT 21134-22-010,170000
Лада,2114 Самара,2010,"бензин, 1.6 л","81 л.с., налог",механика,передний,черный,164 044,левый,1 поколение,1.6 MT 21144-22-010,149000
Лада,2114 Самара,2006,"бензин, 1.5 л","77 л.с., налог",механика,передний,бежевый,199 000,левый,1 поколение,1.5 MT Базовая,66000
Лада,2115 Самара,2010,"бензин, 1.6 л","81 л.с., налог",механика,передний,серый,195 323,левый,1 поколение,1.6 MT 21154-20-010,250000
Лада,Приора,2009,"бензин, 1.6 л","98 л.с., налог",механика,передний,серебристый,120 000,левый,1 поколение,0,559000
Лада,2112,2006,"бензин, 1.6 л","89 л.с., налог",механика,передний,черный,249 341,левый,1 поколение,1.6 MT Базовая 5-дв. 21124,165000
Лада,4x4 2121 Нива,2002,"бензин, 1.6 л","80 л.с., налог",механика,4WD,синий,125 455,левый,1 поколение,1.6 MT Base,170000
Лада,2105,1998,"бензин, 1.5 л","71 л.с., налог",механика,задний,белый,68 000,0,1 поколение,0,30000
Лада,2104,1999,"бензин, 1.5 л","71 л.с., налог",механика,задний,бордовый,50 000,левый,1 поколение,0,40000
Лада,2114 Самара,2012,"бензин, 1.6 л","81 л.с., налог",механика,передний,черный,127 000,левый,1 поколение,1.6 MT 21144-30-012,185000
Лада,21099,2000,"бензин, 1.6 л","81 л.с., налог",механика,передний,синий,35 346,левый,1 поколение,0,58000
Лада,2109,2000,"бензин, 1.5 л","68 л.с., налог",механика,передний,голубой,129 000,левый,"1 поколение, рестайлинг",0,89000
Лада,2111,2005,"бензин, 1.6 л","82 л.с., налог",механика,передний,зеленый,400 000,левый,1 поколение,1.6i MT Люкс,167000
Лада,Приора,2010,"бензин, 1.6 л","98 л.с., налог",механика,передний,серебристый,155 000,левый,1 поколение,1.6 MT Норма 21713-81-035,230000
Лада,2106,1997,"бензин, 1.6 л","75 л.с., налог",механика,задний,0,74 000,левый,1 поколение,1.6 MT 21065,65000
Лада,2105,2007,"бензин, 1.5 л","71 л.с., налог",механика,задний,фиолетовый,37 622,0,1 поколение,1.5 MT5 21053-20,50000
Лада,2107,2006,"бензин, 1.6 л","74 л.с., налог",механика,задний,синий,50 000,0,1 поколение,0,75000
Лада,Приора,2015,"бензин, 1.6 л","106 л.с., налог",механика,передний,белый,145 000,левый,"1 поколение, рестайлинг",1.6 MT Норма 21705-31-055,480000
Лада,21099,2001,"бензин, 1.5 л","70 л.с., налог",механика,передний,серебристый,200 875,левый,1 поколение,1.5 MT 21099-00 Стандарт,80000
Лада,2105,1996,"бензин, 1.5 л","71 л.с., налог",механика,задний,красный,1 000,0,1 поколение,0,249000
Лада,2107,2010,"бензин, 1.6 л","74 л.с., налог",механика,задний,черный,98 554,0,1 поколение,1.6 MT 21074-30-015 Стандарт,137000
Лада,2114 Самара,2012,"бензин, 1.6 л","89 л.с., налог",механика,передний,серый,100 000,левый,1 поколение,1.6 MT 211440-24,189000
Лада,Приора,2011,"бензин, 1.6 л","98 л.с., налог",механика,передний,белый,237 000,левый,1 поколение,0,220000
Лада,Веста,2022,"бензин, 1.6 л","106 л.с., налог",механика,передний,белый,8 550,левый,1 поколение,1.6 MT Comfort Light,1159000
Лада,2107,2007,"бензин, 1.6 л","72 л.с., налог",механика,задний,бордовый,41 751,0,1 поколение,1.6 MT 21074-30-012 Стандарт,200000
Лада,2114 Самара,2011,"бензин, 1.6 л","81 л.с., налог",механика,передний,зеленый,169 000,левый,1 поколение,1.6 MT 21144-30-010,235000
Лада,2104,1997,"бензин, 1.5 л","71 л.с., налог",механика,задний,белый,57 000,левый,1 поколение,0,80000
Лада,2115 Самара,2006,"бензин, 1.5 л","76 л.с., налог",механика,передний,зеленый,240 000,левый,1 поколение,1.5i MT Базовая,140000
Лада,2107,2010,"бензин, 1.6 л","72 л.с., налог",механика,задний,черный,45 000,0,1 поколение,1.6 MT 21074-30-011,90000
Лада,2106,1998,"бензин, 1.6 л","75 л.с., налог",механика,задний,синий,999,левый,1 поколение,0,27500
Лада,2106,1993,"бензин, 1.3 л","64 л.с., налог",механика,задний,белый,222 222,левый,1 поколение,1.3 MT 21063,30000
Лада,2112,2007,"бензин, 1.6 л","81 л.с., налог",механика,передний,серебристый,178 642,левый,1 поколение,1.6 MT Базовая 5-дв.,135000
Лада,2106,1989,"бензин, 1.3 л","64 л.с., налог",механика,задний,серый,71 000,левый,1 поколение,1.3 MT 21063,25000
Лада,2107,2010,"бензин, 1.6 л","72 л.с., налог",механика,задний,белый,43 600,0,1 поколение,1.6 MT 21074-40-013,220000
Лада,21099,1998,"бензин, 1.5 л","72 л.с., налог",механика,передний,коричневый,100 000,левый,1 поколение,1.5 MT 21099-00 Стандарт,35000
Лада,Приора,2008,"бензин, 1.6 л","98 л.с., налог",механика,передний,черный,240 000,левый,1 поколение,0,180000
Лада,1111 Ока,2004,"бензин, 0.7 л","33 л.с., налог",механика,передний,красный,89 000,левый,1 поколение,0.6 MT 11113,115000
Лада,2112,2004,"бензин, 1.5 л","91 л.с., налог",механика,передний,зеленый,140,левый,1 поколение,1.5 MT Базовая 5-дв. 2112,65000
Лада,2109,2001,"бензин, 1.5 л","69 л.с., налог",механика,передний,серебристый,250 000,левый,"1 поколение, рестайлинг",0,150000
Лада,2106,2003,"бензин, 1.6 л","75 л.с., налог",механика,задний,0,81 150,левый,1 поколение,1.6 MT4 2106,70000
Лада,Приора,2010,"бензин, 1.6 л","98 л.с., налог",механика,передний,белый,140 000,левый,1 поколение,1.6 MT Люкс 21713-03-49,200000
Лада,2114 Самара,2007,"бензин, 1.6 л","81 л.с., налог",механика,передний,серебристый,76 000,левый,1 поколение,1.6 MT 21144-20-010,165000
Лада,2111,2005,"бензин, 1.6 л","89 л.с., налог",механика,передний,зеленый,120 000,левый,1 поколение,1.6i MT Люкс,59000
Лада,1111 Ока,2000,"бензин, 0.7 л","33 л.с., налог",механика,передний,зеленый,56 000,левый,1 поколение,0.6 MT 11113,40000
Лада,2101,1986,"бензин, 1.2 л","59 л.с., налог",механика,задний,красный,99 000,левый,1 поколение,1.2 MT 21013,57000
Лада,2107,2010,"бензин, 1.6 л","72 л.с., налог",механика,задний,белый,62 270,0,1 поколение,1.6 MT 21074-40-015,130000
Лада,Гранта,2022,"бензин, 1.6 л","90 л.с., налог",механика,передний,коричневый,675,левый,"1 поколение, рестайлинг",1.6 MT Classic ’22,697000
Лада,2114 Самара,2005,"бензин, 1.5 л","77 л.с., налог",механика,передний,белый,186 297,левый,1 поколение,1.5 MT Базовая,130000
Лада,2110,2002,"бензин, 1.5 л","78 л.с., налог",механика,передний,синий,220 000,0,1 поколение,1.5i MT 21102,65000
Лада,2105,1994,"бензин, 1.5 л","71 л.с., налог",механика,задний,белый,45 000,0,1 поколение,1.5 MT5 21053,47500
Лада,2105,2008,"бензин, 1.6 л","72 л.с., налог",механика,задний,красный,148 000,0,1 поколение,1.6 MT 21054-30,115000
Лада,Приора,2011,"бензин, 1.6 л","98 л.с., налог",механика,передний,зеленый,290 000,левый,1 поколение,0,190000
Лада,2107,2010,"бензин, 1.6 л","74 л.с., налог",механика,задний,белый,60 000,0,1 поколение,1.6 MT 21074-40-015,160000
Лада,21099,1997,"бензин, 1.5 л","70 л.с., налог",механика,передний,синий,200 000,левый,1 поколение,1.5 MT 21099-00 Стандарт,25000
Лада,2115 Самара,2006,"бензин, 1.5 л","70 л.с., налог",механика,передний,0,200 000,левый,1 поколение,1.5 MT Базовая,69000
Лада,2109,1996,"бензин, 1.5 л","70 л.с., налог",механика,передний,белый,115 000,левый,"1 поколение, рестайлинг",0,67000
Лада,2107,2011,"бензин, 1.6 л","72 л.с., налог",механика,задний,зеленый,21 800,0,1 поколение,1.6 MT 21074-30-011,250000
Лада,Калина,2012,"бензин, 1.6 л","81 л.с., налог",механика,передний,серебристый,200 000,0,1 поколение,1.6 MT Норма 11173-40-040,300000
Лада,2115 Самара,2010,"бензин, 1.6 л","81 л.с., налог",механика,передний,черный,250 000,левый,1 поколение,0,175000
Лада,2108,1997,"бензин, 1.5 л","70 л.с., налог",механика,передний,0,172 000,левый,"1 поколение, рестайлинг",0,100000
Лада,2106,2002,"бензин, 1.6 л","75 л.с., налог",механика,задний,синий,117 669,левый,1 поколение,1.6 MT4 2106,125000
Лада,2114 Самара,2007,"бензин, 1.6 л","81 л.с., налог",механика,передний,зеленый,150 000,левый,1 поколение,1.6 MT 21144-20-010,80000
Лада,2109,2000,"бензин, 1.5 л","70 л.с., налог",механика,передний,красный,64 570,левый,"1 поколение, рестайлинг",1.5 MT Стандарт,58000
Лада,2114 Самара,2005,"бензин, 1.5 л","77 л.с., налог",механика,передний,серебристый,310 000,левый,1 поколение,1.5 MT Базовая,78000
Лада,2109,2004,"бензин, 1.5 л","78 л.с., налог",механика,передний,синий,100 000,левый,"1 поколение, рестайлинг",0,60000
Лада,2104,1988,"бензин, 1.3 л","64 л.с., налог",механика,задний,белый,150 000,левый,1 поколение,1.3 MT 2104,35000
Лада,4x4 2121 Нива,1997,"бензин, 1.7 л","79 л.с., налог",механика,4WD,зеленый,200 000,левый,1 поколение,0,85000
Лада,2110,2000,"бензин, 1.5 л","70 л.с., налог",механика,передний,красный,99 000,0,1 поколение,1.5 MT 2110,94000
Лада,2111,2007,"бензин, 1.6 л","89 л.с., налог",механика,передний,синий,200 000,левый,1 поколение,0,80000
Лада,2107,2011,"бензин, 1.6 л","74 л.с., налог",механика,задний,бордовый,50 000,0,1 поколение,0,220000
Лада,2106,1990,"бензин, 1.6 л","75 л.с., налог",механика,задний,бежевый,50 000,левый,1 поколение,1.6 MT 21065,38000
Лада,2106,2000,"бензин, 1.6 л","75 л.с., налог",механика,задний,серебристый,51 300,левый,1 поколение,1.6 MT4 2106,69000
Лада,2107,2004,"бензин, 1.5 л","71 л.с., налог",механика,задний,белый,84 000,0,1 поколение,1.5 MT4 2107 ,80000
Лада,2112,2005,"бензин, 1.6 л","89 л.с., налог",механика,передний,серебристый,123 000,левый,1 поколение,1.6 MT Базовая 5-дв. 21124,56000
Лада,2109,1999,"бензин, 1.5 л","68 л.с., налог",механика,передний,синий,358 698,левый,"1 поколение, рестайлинг",1.5 MT Норма,55000
Лада,Веста Кросс,2018,"бензин, 1.6 л","106 л.с., налог",механика,передний,коричневый,54 000,левый,1 поколение,1.6 MT Luxe,879000
Лада,2107,2002,"бензин, 1.5 л","71 л.с., налог",механика,задний,голубой,100 000,0,1 поколение,0,37500
Лада,Гранта,2015,"бензин, 1.6 л","87 л.с., налог",механика,передний,белый,82 000,левый,1 поколение,1.6 MT Норма,350000
Лада,2106,1999,"бензин, 1.6 л","75 л.с., налог",механика,задний,зеленый,250 000,левый,1 поколение,0,85000
Лада,2107,2003,"бензин, 1.5 л","71 л.с., налог",механика,задний,белый,777 777,0,1 поколение,0,55000
Лада,2115 Самара,2002,"бензин, 1.5 л","76 л.с., налог",механика,передний,серебристый,190 000,левый,1 поколение,1.5i MT Базовая,70000
Лада,4x4 2121 Нива,2007,"бензин, 1.7 л","80 л.с., налог",механика,4WD,белый,189 623,левый,1 поколение,1.7 MT Стандарт,238000
Лада,21099,2000,"бензин, 1.5 л","70 л.с., налог",механика,передний,зеленый,222 222,левый,1 поколение,1.5 MT 21099-00 Стандарт,55000
Лада,2114 Самара,2004,"бензин, 1.5 л","77 л.с., налог",механика,передний,серебристый,60 000,левый,1 поколение,1.5 MT Базовая,99000
Лада,2112,2006,"бензин, 1.6 л","89 л.с., налог",механика,передний,черный,125 000,левый,1 поколение,1.6 MT Базовая 5-дв. 21124,79000
Лада,Веста,2017,"бензин, 1.6 л","106 л.с., налог",механика,передний,серебристый,14 450,левый,1 поколение,0,790000
Лада,2114 Самара,2012,"бензин, 1.6 л","81 л.с., налог",механика,передний,зеленый,196 000,левый,1 поколение,0,215000
Лада,2107,2011,"бензин, 1.6 л","72 л.с., налог",механика,задний,зеленый,254 788,0,1 поколение,0,150000
Лада,4x4 2121 Нива,1997,"бензин, 1.7 л","79 л.с., налог",механика,4WD,белый,160 000,левый,1 поколение,1.7 MT,120000
Лада,2112,2004,"бензин, 1.5 л","91 л.с., налог",механика,передний,серебристый,185 000,левый,1 поколение,1.5 MT Базовая 5-дв. 2112,128000
Лада,2106,1999,"бензин, 1.5 л","72 л.с., налог",механика,задний,зеленый,160 000,левый,1 поколение,1.5 MT 21065-01,45000
Лада,2114 Самара,2012,"бензин, 1.6 л","81 л.с., налог",механика,передний,синий,197 000,левый,1 поколение,0,197000
Лада,4x4 2121 Нива,2020,"бензин, 1.7 л","83 л.с., налог",механика,4WD,черный,29 534,левый,"1 поколение, рестайлинг",1.7 MT Classic,729000
Лада,2114 Самара,2007,"бензин, 1.6 л","81 л.с., налог",механика,передний,черный,200 000,левый,1 поколение,1.6 MT 21144-22-010,150000
Лада,2110,2002,"бензин, 1.5 л","78 л.с., налог",механика,передний,зеленый,35 000,0,1 поколение,1.5i MT 21102,86000
Лада,2110,2004,"бензин, 1.5 л","78 л.с., налог",механика,передний,зеленый,150 000,0,1 поколение,1.5i MT 21102,135000
Лада,Гранта,2014,"бензин, 1.6 л","87 л.с., налог",механика,передний,черный,118 500,левый,1 поколение,0,340000
Лада,2114 Самара,2008,"бензин, 1.6 л","81 л.с., налог",механика,передний,серебристый,150 000,левый,1 поколение,1.6 MT 21144-20-010,165000
Лада,2105,1997,"бензин, 1.5 л","71 л.с., налог",механика,задний,зеленый,68 282,0,1 поколение,0,27000
Лада,2107,2007,"бензин, 1.6 л","74 л.с., налог",механика,задний,зеленый,32 000,0,1 поколение,1.6 MT 21074-30-012,85000
Лада,2107,1995,"бензин, 1.5 л","71 л.с., налог",механика,задний,красный,200 000,0,1 поколение,1.5 MT5 2107 ,65000
Лада,2105,2008,"бензин, 1.6 л","72 л.с., налог",механика,задний,зеленый,100 000,0,1 поколение,1.6 MT 21054-30,125000
Лада,Приора,2011,"бензин, 1.6 л","98 л.с., налог",механика,передний,черный,156 000,левый,1 поколение,1.6 MT Люкс 21723-03-039,285000
Лада,Приора,2012,"бензин, 1.6 л","98 л.с., налог",механика,передний,белый,150 000,левый,1 поколение,0,210000
Лада,Приора,2014,"бензин, 1.6 л","98 л.с., налог",механика,передний,черный,190 000,левый,"1 поколение, рестайлинг",1.6 MT Люкс 21703-33-046,550000
Лада,2114 Самара,2004,"бензин, 1.5 л","77 л.с., налог",механика,передний,серебристый,350 000,левый,1 поколение,1.5 MT Базовая,70000
Лада,21099,2000,"бензин, 1.5 л","70 л.с., налог",механика,передний,белый,200 000,левый,1 поколение,1.5 MT 21099-02 Люкс,49000
Лада,2110,2006,"бензин, 1.6 л","80 л.с., налог",механика,передний,синий,18 000,0,1 поколение,1.6i MT 21101,65000
Лада,2105,2002,"бензин, 1.5 л","71 л.с., налог",механика,задний,зеленый,100 000,0,1 поколение,0,45000
Лада,21099,1994,"бензин, 1.5 л","70 л.с., налог",механика,передний,бежевый,1 983,левый,1 поколение,0,37000
Лада,Калина,2011,"бензин, 1.6 л","84 л.с., налог",механика,передний,серебристый,113 000,0,1 поколение,0,295000
Лада,Гранта,2013,"бензин, 1.6 л","87 л.с., налог",механика,передний,бежевый,140 727,левый,1 поколение,1.6 MT Норма 011,310000
Лада,Калина,2008,"бензин, 1.4 л","88 л.с., налог",механика,передний,0,80 000,0,1 поколение,0,230000
Лада,Приора,2011,"бензин, 1.6 л","87 л.с., налог",механика,передний,белый,200 000,левый,1 поколение,1.6 MT Стандарт 21722-00-040,350000
Лада,2107,2011,"бензин, 1.6 л","74 л.с., налог",механика,задний,серебристый,150 000,0,1 поколение,0,145000
Лада,2110,2005,"бензин, 1.6 л","89 л.с., налог",механика,передний,серый,297 000,0,1 поколение,1.6i MT 21104,149000
Лада,4x4 2121 Нива,1984,"бензин, 1.6 л","73 л.с., налог",механика,4WD,бежевый,777,левый,1 поколение,0,145000
Лада,2106,2004,"бензин, 1.6 л","75 л.с., налог",механика,задний,синий,70 000,левый,1 поколение,1.6 MT 21065,140000
Лада,2112,2007,"бензин, 1.6 л","89 л.с., налог",механика,передний,серебристый,182 348,левый,1 поколение,1.6 MT Базовая 5-дв. 21124,80000
Лада,2112,2003,"бензин, 1.5 л","91 л.с., налог",механика,передний,черный,170 500,левый,1 поколение,1.5 MT Базовая 5-дв. 2112,160000
Лада,2114 Самара,2013,"бензин, 1.6 л","89 л.с., налог",механика,передний,белый,141 500,левый,1 поколение,1.6 MT 211440-24,270000
Лада,2109,1999,"бензин, 1.5 л","70 л.с., налог",механика,передний,коричневый,288 000,левый,"1 поколение, рестайлинг",1.5 MT Стандарт,49000
Лада,2107,2006,"бензин, 1.5 л","71 л.с., налог",механика,задний,зеленый,100 000,0,1 поколение,0,55000
Лада,2107,2006,"бензин, 1.6 л","74 л.с., налог",механика,задний,синий,100 000,0,1 поколение,0,60000
Лада,2107,2011,"бензин, 1.6 л","72 л.с., налог",механика,задний,белый,85 000,0,1 поколение,0,80000
Лада,Калина,2007,"бензин, 1.6 л","80 л.с., налог",механика,передний,синий,98 090,0,1 поколение,1.6 MT Норма 11193-30-040,165000
Лада,4x4 2121 Нива,1995,"бензин, 1.7 л","80 л.с., налог",механика,4WD,белый,252 000,левый,1 поколение,1.7 MT,160000
Лада,2107,2010,0,0,0,0,серый,47 483,0,1 поколение,0,150000
Лада,2115 Самара,2007,"бензин, 1.6 л","81 л.с., налог",механика,передний,зеленый,280 000,левый,1 поколение,0,100000
Лада,2106,2003,"бензин, 1.6 л","75 л.с., налог",механика,задний,коричневый,31 428,левый,1 поколение,0,130000
Лада,2115 Самара,2011,"бензин, 1.6 л","81 л.с., налог",механика,передний,серый,90 060,левый,1 поколение,1.6 MT 21154-32-010,319000
Лада,4x4 2121 Нива,2019,"бензин, 1.7 л","83 л.с., налог",механика,4WD,белый,23 000,левый,"1 поколение, рестайлинг",1.7 MT Luxe+Кондиционер,660000
Лада,2109,2003,"бензин, 1.5 л","78 л.с., налог",механика,передний,синий,145 000,левый,"1 поколение, рестайлинг",1.5i MT Люкс,69000
Лада,4x4 2121 Нива,2010,"бензин, 1.7 л","80 л.с., налог",механика,4WD,бордовый,130 000,левый,1 поколение,1.7 MT,365000
Лада,2107,2007,"бензин, 1.6 л","74 л.с., налог",механика,задний,белый,93 000,0,1 поколение,0,90000
Лада,21099,2000,"бензин, 1.5 л","70 л.с., налог",механика,передний,бордовый,352 000,левый,1 поколение,1.5 MT 21099-00 Стандарт,50000
Лада,2114 Самара,2011,"бензин, 1.6 л","81 л.с., налог",механика,передний,белый,240 000,левый,1 поколение,1.6 MT 21144-32-010,230000
Лада,Ларгус,2020,"бензин, 1.6 л","106 л.с., налог",механика,передний,серый,49 000,левый,1 поколение,1.6 MT Kub,1050000
Лада,4x4 2121 Нива,1997,"бензин, 1.7 л","79 л.с., налог",механика,4WD,бордовый,100 000,левый,1 поколение,1.7 MT,150000
Лада,Приора,2010,"бензин, 1.6 л","98 л.с., налог",механика,передний,серый,170 000,левый,1 поколение,1.6 MT Люкс 21713-01-018,145000
Лада,2114 Самара,2014,"бензин, 1.6 л","81 л.с., налог",механика,передний,черный,250 000,левый,1 поколение,1.6 MT 21144-40-021,170000
Лада,2114 Самара,2005,"бензин, 1.5 л","77 л.с., налог",механика,передний,черный,167 852,левый,1 поколение,1.5 MT Базовая,100000
Лада,21099,2002,"бензин, 1.5 л","78 л.с., налог",механика,передний,серебристый,200 000,левый,1 поколение,1.5i MT 21099-20 Стандарт,25000
Лада,2109,2004,"бензин, 1.5 л","78 л.с., налог",механика,передний,серебристый,190 000,левый,"1 поколение, рестайлинг",0,110000
Лада,Приора,2007,"бензин, 1.6 л","98 л.с., налог",механика,передний,серебристый,150 000,левый,1 поколение,1.6 MT Норма 21703-01-015,185000
Лада,4x4 2121 Нива,1997,"бензин, 1.7 л","79 л.с., налог",механика,4WD,бежевый,80 374,левый,1 поколение,0,200000
Лада,2103,1976,"бензин, 1.6 л","72 л.с., налог",механика,задний,красный,270 000,правый,0,0,55000
Лада,2112,2004,"бензин, 1.5 л","91 л.с., налог",механика,передний,серебристый,168 000,левый,1 поколение,1.5 MT Базовая 5-дв. 2112,110000
Лада,2107,1997,"бензин, 1.6 л","75 л.с., налог",механика,задний,красный,26 000,0,1 поколение,1.6 MT 21074,68000
Лада,2114 Самара,2011,"бензин, 1.6 л","81 л.с., налог",механика,передний,серый,71 000,левый,1 поколение,0,310000
Лада,4x4 2121 Нива,2019,"бензин, 1.7 л","83 л.с., налог",механика,4WD,черный,65 000,левый,1 поколение,1.7 MT Black Edition,620000
Лада,Гранта,2016,"бензин, 1.6 л","87 л.с., налог",механика,передний,коричневый,79 000,левый,1 поколение,1.6 MT Норма Классик+,405000
Лада,2105,1992,"бензин, 1.5 л","71 л.с., налог",механика,задний,черный,70 000,0,1 поколение,0,38500
Лада,2107,2003,"бензин, 1.6 л","72 л.с., налог",механика,задний,синий,18 642,0,1 поколение,0,35000
Лада,4x4 2121 Нива,1995,"бензин, 1.6 л","73 л.с., налог",механика,4WD,красный,83 154,левый,1 поколение,1.6 MT Base,100000
Лада,2101,1973,"бензин, 1.3 л","64 л.с., налог",механика,задний,синий,100 000,левый,1 поколение,1.3 MT 21011,36000
Лада,2107,2011,"бензин, 1.6 л","72 л.с., налог",механика,задний,серебристый,5 300,0,1 поколение,0,270000
Лада,2107,2008,"бензин, 1.6 л","72 л.с., налог",механика,задний,зеленый,133 000,0,1 поколение,1.6 MT 21074-30-012 Стандарт,195000
Лада,2114 Самара,2004,"бензин, 1.5 л","77 л.с., налог",механика,передний,серебристый,200 000,левый,1 поколение,1.5 MT Базовая,110000
Лада,2110,2005,"бензин, 1.6 л","81 л.с., налог",механика,передний,голубой,100 000,0,1 поколение,1.6i MT 21101,120000
Лада,2106,1997,"бензин, 1.5 л","72 л.с., налог",механика,задний,белый,40 000,левый,1 поколение,0,65000
Лада,2105,1989,"бензин, 1.2 л","59 л.с., налог",механика,задний,бежевый,200 000,0,1 поколение,1.2 MT 21051,70000
Лада,2109,2001,"бензин, 1.5 л","68 л.с., налог",механика,передний,серый,142 000,левый,"1 поколение, рестайлинг",1.5 MT Норма,75000
Лада,2109,2003,"бензин, 1.5 л","78 л.с., налог",механика,передний,серебристый,190 000,левый,"1 поколение, рестайлинг",1.5i MT,80000
Лада,2113 Самара,2010,"бензин, 1.6 л","80 л.с., налог",механика,передний,черный,240 000,левый,1 поколение,1.6 MT Стандарт 21134-40-010,120000
Лада,2106,2003,"бензин, 1.6 л","75 л.с., налог",механика,задний,синий,23 000,левый,1 поколение,1.6 MT5 2106,75000
Лада,4x4 2121 Нива,1996,"бензин, 1.7 л","79 л.с., налог",механика,4WD,белый,250 000,левый,1 поколение,0,160000
Лада,2114 Самара,2006,"бензин, 1.5 л","77 л.с., налог",механика,передний,зеленый,230 000,левый,1 поколение,1.5 MT Базовая,250000
Лада,Гранта,2013,"бензин, 1.6 л","82 л.с., налог",механика,передний,серебристый,153 000,левый,1 поколение,1.6 MT Стандарт,230000
Лада,2109,2003,"бензин, 1.5 л","78 л.с., налог",механика,передний,серый,160 300,левый,"1 поколение, рестайлинг",1.5i MT Стандарт,95000
Лада,2114 Самара,2004,"бензин, 1.5 л","77 л.с., налог",механика,передний,серебристый,218 000,левый,1 поколение,1.5 MT Базовая,100000
Лада,2114 Самара,2005,"бензин, 1.6 л","80 л.с., налог",механика,передний,черный,555 555,левый,1 поколение,1.6 MT Базовая,140000
Лада,2114 Самара,2005,"бензин, 1.5 л","77 л.с., налог",механика,передний,серебристый,200 000,левый,1 поколение,1.5 MT Базовая,65000
Лада,2115 Самара,2011,"бензин, 1.6 л","81 л.с., налог",механика,передний,белый,100 160,левый,1 поколение,1.6 MT 21154-20-010,200000
Лада,2110,2000,"бензин, 1.5 л","70 л.с., налог",механика,передний,черный,162 000,0,1 поколение,1.5 MT 2110,79000
Лада,2114 Самара,2007,"бензин, 1.6 л","81 л.с., налог",механика,передний,черный,300 000,левый,1 поколение,1.6 MT 21144-20-010,48000
Лада,2114 Самара,2006,"бензин, 1.5 л","77 л.с., налог",механика,передний,белый,167 500,левый,1 поколение,1.5 MT Базовая,50000
Лада,4x4 2121 Нива,1995,"бензин, 1.6 л","73 л.с., налог",механика,4WD,красный,83 567,левый,1 поколение,1.6 MT Base,125000
Лада,2107,2011,"бензин, 1.6 л","72 л.с., налог",механика,задний,серебристый,40 228,0,1 поколение,1.6 MT 21074-30-012 Стандарт,130000
Лада,2105,1998,"бензин, 1.5 л","71 л.с., налог",механика,задний,белый,160 000,0,1 поколение,1.5 MT5 21053-20,50000
Лада,2115 Самара,2009,"бензин, 1.6 л",0,механика,0,серый,50 000,левый,1 поколение,0,45000
Лада,Приора,2008,"бензин, 1.6 л","98 л.с., налог",механика,передний,зеленый,220 000,левый,1 поколение,0,166000
Лада,2114 Самара,2008,"бензин, 1.6 л","80 л.с., налог",механика,передний,серый,184 504,левый,1 поколение,0,180000
Лада,2114 Самара,2012,"бензин, 1.6 л","81 л.с., налог",механика,передний,серебристый,201 000,левый,1 поколение,0,170000
Лада,2114 Самара,2011,"бензин, 1.6 л","98 л.с., налог",механика,передний,белый,160 000,левый,1 поколение,1.6 MT 211440-26,175000
Лада,2112,2004,"бензин, 1.5 л","78 л.с., налог",механика,передний,серебристый,329 654,левый,1 поколение,1.5 MT Базовая 5-дв. 21122,63000
Лада,Приора,2012,"бензин, 1.6 л","98 л.с., налог",механика,передний,синий,161 000,левый,1 поколение,0,299000
Лада,4x4 2121 Нива,2011,"бензин, 1.7 л","80 л.с., налог",механика,4WD,0,115 326,левый,1 поколение,1.7 MT Стандарт,220000
Лада,2109,1996,"бензин, 1.5 л","70 л.с., налог",механика,передний,бордовый,77 777,левый,"1 поколение, рестайлинг",0,90000
Лада,Веста,2016,"бензин, 1.8 л","122 л.с., налог",робот,передний,голубой,87 900,левый,1 поколение,1.8 AMT Comfort,700000
Лада,2112,2005,"бензин, 1.6 л","89 л.с., налог",механика,передний,серебристый,100 000,левый,1 поколение,1.6 MT Базовая 5-дв. 21124,123000
Лада,2104,1997,"бензин, 1.5 л","71 л.с., налог",механика,задний,белый,89 000,левый,1 поколение,1.5 MT4 21043,60000
Лада,2114 Самара,2009,"бензин, 1.6 л","81 л.с., налог",механика,передний,серебристый,212 000,левый,1 поколение,0,130000
Лада,Калина,2007,"бензин, 1.6 л","80 л.с., налог",механика,передний,серый,89 412,0,1 поколение,0,250000
Лада,2115 Самара,2001,0,0,0,0,красный,186 353,левый,1 поколение,0,80000
Лада,2107,2011,"бензин, 1.6 л","74 л.с., налог",механика,задний,бордовый,200 000,0,1 поколение,1.6 MT 21074-40-015,80000
Лада,4x4 2121 Нива,2012,"бензин, 1.7 л","83 л.с., налог",механика,4WD,синий,79 000,левый,1 поколение,0,320000
Лада,2106,2002,"бензин, 1.6 л","75 л.с., налог",механика,задний,синий,90 000,левый,1 поколение,0,80000
Лада,2110,2002,"бензин, 1.5 л","78 л.с., налог",механика,передний,серый,150 000,0,1 поколение,1.5i MT 21102,45000
Лада,2105,2004,"бензин, 1.5 л","71 л.с., налог",механика,задний,белый,83 300,0,1 поколение,0,60000
Лада,2114 Самара,2012,"бензин, 1.6 л","81 л.с., налог",механика,передний,серебристый,134 792,левый,1 поколение,1.6 MT 21144-30-010,220000
Лада,2101,1980,"бензин, 1.3 л","64 л.с., налог",механика,задний,красный,65 000,левый,1 поколение,1.3 MT 21011,45000
Лада,2107,2006,"бензин, 1.6 л","74 л.с., налог",механика,задний,зеленый,170 000,0,1 поколение,0,200000
Лада,2115 Самара,2005,"бензин, 1.5 л","76 л.с., налог",механика,передний,бежевый,864 698,левый,1 поколение,1.5i MT Базовая,110000
Лада,2114 Самара,2010,"бензин, 1.6 л","81 л.с., налог",механика,передний,серый,98 000,левый,1 поколение,0,165000
Лада,2114 Самара,2011,"бензин, 1.6 л","81 л.с., налог",механика,передний,серебристый,111 111,левый,1 поколение,0,125000
Лада,4x4 2121 Нива,1990,"бензин, 1.6 л","73 л.с., налог",механика,4WD,бежевый,70 000,левый,1 поколение,0,70000
Лада,Гранта,2012,"бензин, 1.6 л","82 л.с., налог",механика,передний,коричневый,90 000,левый,1 поколение,1.6 MT Стандарт,165000
Лада,4x4 2121 Нива,2006,"бензин, 1.7 л, ГБО","80 л.с., налог",механика,4WD,зеленый,85 000,левый,1 поколение,1.7 MT Стандарт,270000
Лада,Гранта,2022,"бензин, 1.6 л","90 л.с., налог",механика,передний,серый,56,левый,"1 поколение, рестайлинг",0,697000
Лада,2107,2002,"бензин, 1.6 л","74 л.с., налог",механика,задний,бордовый,77 000,0,1 поколение,0,50000
Лада,4x4 2121 Нива,1981,бензин,"75 л.с., налог",механика,0,желтый,100 000,правый,0,0,89000
Лада,2107,2008,"бензин, 1.6 л","72 л.с., налог",механика,задний,бордовый,91,0,1 поколение,0,136000
Лада,21099,1994,"бензин, 1.5 л","70 л.с., налог",механика,передний,белый,327 000,левый,1 поколение,0,70000
Лада,Калина,2011,"бензин, 1.6 л","84 л.с., налог",механика,передний,синий,85 969,0,1 поколение,0,190000
Лада,Приора,2012,"бензин, 1.6 л","98 л.с., налог",механика,передний,синий,53 400,левый,1 поколение,1.6 MT Норма 21713-01-035,365000
Лада,2105,1996,"бензин, 1.5 л","71 л.с., налог",механика,задний,зеленый,65 000,0,1 поколение,0,42000
Лада,2114 Самара,2010,"бензин, 1.6 л","81 л.с., налог",механика,передний,белый,81 220,левый,1 поколение,1.6 MT 21144-22-010,279000
Лада,Калина,2010,"бензин, 1.6 л","80 л.с., налог",механика,передний,серый,74 962,0,1 поколение,1.6 MT Норма 11173-30-040,280000
Лада,2114 Самара,2012,"бензин, 1.6 л","81 л.с., налог",механика,передний,белый,150 000,левый,1 поколение,0,280000
Лада,2114 Самара,2006,"бензин, 1.5 л","77 л.с., налог",механика,передний,серебристый,8 850,левый,1 поколение,1.5 MT Базовая,157000
Лада,2107,2007,"бензин, 1.6 л","74 л.с., налог",механика,задний,бордовый,100 000,0,1 поколение,1.6 MT 21074-30-015 Стандарт,50000
Лада,2114 Самара,2008,"бензин, 1.6 л","81 л.с., налог",механика,передний,черный,200 000,левый,1 поколение,0,149000
Лада,2106,2001,"бензин, 1.6 л","75 л.с., налог",механика,задний,серебристый,11 111,левый,1 поколение,1.6 MT4 2106,45000
Лада,2111,2005,"бензин, 1.6 л","82 л.с., налог",механика,передний,черный,300 000,левый,1 поколение,1.6i MT Люкс,115000
Лада,2107,2004,"бензин, 1.5 л","71 л.с., налог",механика,задний,0,59 400,0,1 поколение,1.5 MT5 2107 ,50000
Лада,2114 Самара,2007,"бензин, 1.6 л","81 л.с., налог",механика,передний,черный,150 000,левый,1 поколение,1.6 MT 21144-20-010,130000
Лада,Приора,2008,"бензин, 1.6 л","98 л.с., налог",механика,передний,зеленый,325 000,левый,1 поколение,0,189000
Лада,2112,2001,"бензин, 1.5 л","91 л.с., налог",механика,передний,голубой,150 000,левый,1 поколение,1.5 MT Базовая 5-дв. 2112,70000
Лада,2110,2002,"бензин, 1.5 л","78 л.с., налог",механика,передний,зеленый,88 890,0,1 поколение,1.5i MT 21102,60000
Лада,2114 Самара,2011,"бензин, 1.6 л","81 л.с., налог",механика,передний,зеленый,137 000,левый,1 поколение,1.6 MT 21144-30-012,290000
Лада,2106,1995,"бензин, 1.6 л","75 л.с., налог",механика,задний,голубой,81 615,левый,1 поколение,1.6 MT4 2106,85000
Лада,2114 Самара,2012,"бензин, 1.6 л","81 л.с., налог",механика,передний,черный,240 000,левый,1 поколение,1.6 MT 21144-30-012,195000
Лада,2120 Надежда,2002,"бензин, 1.8 л","84 л.с., налог",механика,4WD,серебристый,200 000,левый,1 поколение,1.8 MT Стандарт,65000
Лада,2107,2003,"бензин, 1.6 л","74 л.с., налог",механика,задний,белый,125 000,0,1 поколение,1.6 MT 21074-40-015,80000
Лада,2109,1996,"бензин, 1.5 л","70 л.с., налог",механика,передний,синий,99 999,левый,"1 поколение, рестайлинг",0,50000
Лада,Гранта,2020,"бензин, 1.6 л","106 л.с., налог",механика,передний,серый,23 000,левый,"1 поколение, рестайлинг",1.6 MT Luxe + пакет Prestige,800000
Лада,4x4 2121 Нива,1996,"бензин, 1.7 л","79 л.с., налог",механика,4WD,0,144 000,левый,1 поколение,0,273000
Лада,2107,2011,"бензин, 1.6 л","72 л.с., налог",механика,задний,серебристый,54 100,0,1 поколение,1.6 MT 21074-40-015 Стандарт,108000
Лада,2112,2007,"бензин, 1.6 л","89 л.с., налог",механика,передний,черный,270 000,левый,1 поколение,1.6 MT Базовая 3-дв. 21123,145000
Лада,2112,2006,"бензин, 1.6 л","89 л.с., налог",механика,передний,серебристый,100 000,левый,1 поколение,1.6 MT Базовая 5-дв. 21124,109000
Лада,4x4 2121 Нива,2015,"бензин, 1.7 л","83 л.с., налог",механика,4WD,белый,48 651,левый,1 поколение,0,460000
Лада,4x4 2121 Нива,1988,"бензин, 1.6 л","73 л.с., налог",механика,4WD,бежевый,124 535,левый,1 поколение,1.6 MT Base,85000
Лада,Веста Спорт,2019,"бензин, 1.8 л","145 л.с., налог",механика,передний,черный,28 000,0,1 поколение,1.8 MT Luxe + пакет Multimedia,1090000
Лада,2106,1989,"бензин, 1.3 л","64 л.с., налог",механика,задний,красный,74 000,левый,1 поколение,1.3 MT 21063,40000
Лада,2109,2000,"бензин, 1.3 л","72 л.с., налог",механика,передний,зеленый,151 576,левый,"1 поколение, рестайлинг",0,80000
Лада,2112,2002,"бензин, 1.5 л","91 л.с., налог",механика,передний,бордовый,260 000,левый,1 поколение,1.5 MT Базовая 5-дв. 2112,60000
Лада,2109,1996,"бензин, 1.3 л","68 л.с., налог",механика,передний,белый,44 000,левый,"1 поколение, рестайлинг",1.3 MT ,45000
Лада,2109,1998,"бензин, 1.5 л","70 л.с., налог",механика,передний,серый,222 000,левый,"1 поколение, рестайлинг",1.5 MT Стандарт,45000
Лада,2106,2000,"бензин, 1.3 л","64 л.с., налог",механика,задний,красный,9 276,левый,1 поколение,1.3 MT 21063,45000
Лада,2114 Самара,2004,"бензин, 1.5 л","77 л.с., налог",механика,передний,серебристый,105 000,левый,1 поколение,1.5 MT Базовая,90000
Лада,2106,1998,"бензин, 1.6 л","75 л.с., налог",механика,задний,зеленый,900 000,левый,1 поколение,0,35000
Лада,1111 Ока,2004,"бензин, 0.7 л","33 л.с., налог",механика,передний,черный,8 741,левый,1 поколение,0.6 MT 11113,85000
Лада,2112,2001,"бензин, 1.5 л","91 л.с., налог",механика,передний,серебристый,140 000,левый,1 поколение,1.5 MT Базовая 5-дв. 2112,57000
Лада,2106,1996,"бензин, 1.5 л","72 л.с., налог",механика,задний,зеленый,1 500,левый,1 поколение,1.5 MT5 21061,55000
Лада,2110,2000,"бензин, 1.5 л","78 л.с., налог",механика,передний,фиолетовый,500 000,0,1 поколение,1.5i MT 21102,70000
Лада,21099,1996,"бензин, 1.5 л","72 л.с., налог",механика,передний,зеленый,200 000,левый,1 поколение,1.5 MT 21099-02 Люкс,50000
Лада,Гранта,2015,"бензин, 1.6 л","82 л.с., налог",механика,передний,белый,204 000,левый,1 поколение,0,370000
Лада,2107,1988,"бензин, 1.5 л","71 л.с., налог",механика,задний,красный,1 000,0,1 поколение,0,95000
Лада,2107,2006,"бензин, 1.6 л","74 л.с., налог",механика,задний,белый,88 888,0,1 поколение,1.6 MT 21074-30-015 Стандарт,83000
Лада,2104,2005,"бензин, 1.5 л","71 л.с., налог",механика,задний,зеленый,88 888,левый,1 поколение,1.5 MT4 21043,80000
Лада,2115 Самара,2007,"бензин, 1.5 л","76 л.с., налог",механика,передний,черный,243 000,левый,1 поколение,1.5i MT Базовая,115000
Лада,2115 Самара,2005,"бензин, 1.5 л","76 л.с., налог",механика,передний,серебристый,269 000,левый,1 поколение,1.5i MT Базовая,70000
Лада,21099,2000,"бензин, 1.5 л","70 л.с., налог",механика,передний,зеленый,89 000,левый,1 поколение,1.5 MT 21099-02 Люкс,68000
Лада,Приора,2007,"бензин, 1.6 л","98 л.с., налог",механика,передний,черный,232 005,левый,1 поколение,0,170000
Лада,4x4 2121 Нива,1994,"бензин, 1.6 л","73 л.с., налог",механика,4WD,бежевый,90 000,левый,1 поколение,1.6 MT,140000
Лада,2104,2001,"бензин, 1.5 л","71 л.с., налог",механика,задний,синий,85 000,левый,1 поколение,1.5 MT4 21043,129000
Лада,4x4 2121 Нива,2013,"бензин, 1.7 л","83 л.с., налог",механика,4WD,белый,93 000,левый,1 поколение,1.7 MT,335000
Лада,2115 Самара,2007,"бензин, 1.6 л","81 л.с., налог",механика,передний,черный,250 000,левый,1 поколение,1.6 MT 21154-22-010,85000
Лада,2114 Самара,2008,"бензин, 1.6 л","81 л.с., налог",механика,передний,зеленый,157,левый,1 поколение,0,105000
Лада,2107,2004,"бензин, 1.6 л","74 л.с., налог",механика,задний,белый,35 000,0,1 поколение,1.6 MT 21074-40-013,155000
Лада,2104,1991,"бензин, 1.5 л","71 л.с., налог",механика,задний,бордовый,80 411,левый,1 поколение,0,69000
Лада,2112,2006,"бензин, 1.6 л","81 л.с., налог",механика,передний,синий,137 000,левый,1 поколение,1.6 MT Базовая 5-дв.,130000
Лада,2108,1988,"бензин, 1.3 л","64 л.с., налог",механика,передний,белый,55 555,левый,1 поколение,1.3 MT 21086,40000
Лада,2115 Самара,2003,"бензин, 1.5 л","76 л.с., налог",механика,передний,серебристый,251 300,левый,1 поколение,1.5i MT Базовая,55000
Лада,2114 Самара,2013,"бензин, 1.6 л","81 л.с., налог",механика,передний,черный,157 000,левый,1 поколение,1.6 MT 21144-42-010,250000
Лада,2107,2008,"бензин, 1.6 л","74 л.с., налог",механика,задний,зеленый,78 000,0,1 поколение,1.6 MT 21074-30-015 Стандарт,80000
Лада,Веста Кросс,2018,"бензин, 1.6 л","106 л.с., налог",механика,передний,синий,49 000,левый,1 поколение,1.6 MT Luxe,800000
Лада,2107,2011,"бензин, 1.6 л","72 л.с., налог",механика,задний,белый,80 818,0,1 поколение,1.6 MT 21074-40-015 Стандарт,119000
Лада,2114 Самара,2004,"бензин, 1.5 л","77 л.с., налог",механика,передний,синий,188 000,левый,1 поколение,1.5 MT Базовая,120000
Лада,2112,2004,"бензин, 1.5 л","78 л.с., налог",механика,передний,серебристый,408 000,левый,1 поколение,1.5 MT Базовая 5-дв. 21122,50000
Лада,4x4 2131 Нива,2002,"бензин, 1.8 л","82 л.с., налог",механика,4WD,белый,162 352,левый,1 поколение,1.8 MT Стандарт-21312,135000
Лада,Гранта,2013,"бензин, 1.6 л","98 л.с., налог",АКПП,передний,черный,143 000,левый,1 поколение,1.6 AT Люкс,434900
Лада,2114 Самара,2012,"бензин, 1.6 л","81 л.с., налог",механика,передний,черный,104 397,левый,1 поколение,0,200000
Лада,2107,2005,"бензин, 1.6 л","74 л.с., налог",механика,задний,бордовый,65 222,0,1 поколение,1.6 MT 21074-40-013,90000
Лада,2106,1998,"бензин, 1.6 л","75 л.с., налог",механика,задний,белый,49 000,левый,1 поколение,0,100000
Лада,Калина,2018,"бензин, 1.6 л","87 л.с., налог",механика,передний,белый,36 700,0,2 поколение,1.6 MT Standard,520000
Лада,Гранта,2015,"бензин, 1.6 л","106 л.с., налог",механика,передний,голубой,156 600,левый,1 поколение,1.6 MT Люкс,400000
Лада,4x4 2121 Нива,1999,"бензин, 1.7 л, ГБО","79 л.с., налог",механика,4WD,белый,149 625,левый,1 поколение,1.7 MT,150000
Лада,2107,2010,"бензин, 1.6 л","74 л.с., налог",механика,задний,серебристый,100 000,0,1 поколение,1.6 MT 21074-40-013,90000
Лада,2114 Самара,2005,"бензин, 1.5 л","77 л.с., налог",механика,передний,серебристый,205 000,левый,1 поколение,1.5 MT Базовая,50000
Лада,2114 Самара,2011,"бензин, 1.6 л","81 л.с., налог",механика,передний,черный,200 000,левый,1 поколение,0,285000
Лада,2105,2007,"бензин, 1.5 л","71 л.с., налог",механика,задний,белый,105 036,0,1 поколение,1.5 MT5 21053-20,590000
Лада,2115 Самара,2003,"бензин, 1.5 л","76 л.с., налог",механика,передний,голубой,218 542,левый,1 поколение,1.5i MT Базовая,65000
Лада,2112,2000,"бензин, 1.5 л","91 л.с., налог",механика,передний,зеленый,40 000,левый,1 поколение,1.5 MT Базовая 5-дв. 2112,52000
Лада,Приора,2010,"бензин, 1.6 л","98 л.с., налог",механика,передний,серебристый,190 000,левый,1 поколение,0,160000
Лада,2114 Самара,2010,"бензин, 1.6 л","81 л.с., налог",механика,передний,серый,265 858,левый,1 поколение,1.6 MT 21144-20-010,140000
Лада,2114 Самара,2004,"бензин, 1.5 л","77 л.с., налог",механика,передний,серебристый,100 000,левый,1 поколение,1.5 MT Базовая,65000
Лада,2106,1997,"бензин, 1.6 л","75 л.с., налог",механика,задний,белый,49 843,левый,1 поколение,1.6 MT 21065,25000
Лада,2107,2008,"бензин, 1.6 л","72 л.с., налог",механика,задний,бордовый,28 119,0,1 поколение,0,250000
Лада,2109,1997,"бензин, 1.5 л","70 л.с., налог",механика,передний,зеленый,115 000,левый,"1 поколение, рестайлинг",0,45000
Лада,2107,2008,"бензин, 1.6 л","76 л.с., налог",механика,задний,белый,78 000,0,1 поколение,1.6 MT 21074,60000
Лада,2114 Самара,2011,"бензин, 1.6 л","81 л.с., налог",механика,передний,серый,168 000,левый,1 поколение,1.6 MT 21144-32-010,219000
Лада,2114 Самара,2004,"бензин, 1.5 л","77 л.с., налог",механика,передний,желтый,150 000,левый,1 поколение,1.5 MT Базовая,59000
Лада,2107,2004,"бензин, 1.6 л","74 л.с., налог",механика,задний,белый,138 800,0,1 поколение,1.6 MT 21074-30-013 Стандарт,45000
Лада,2112,2000,"бензин, 1.5 л","91 л.с., налог",механика,передний,серебристый,150 000,левый,1 поколение,1.5 MT Базовая 5-дв. 2112,35000
Лада,1111 Ока,2002,"бензин, 0.7 л","33 л.с., налог",механика,передний,белый,70 000,левый,1 поколение,0.6 MT 11113,40000
Лада,2110,2000,"бензин, 1.5 л","78 л.с., налог",механика,передний,белый,142 769,0,1 поколение,1.5i MT 21102,59000
Лада,2107,2009,"бензин, 1.6 л","72 л.с., налог",механика,задний,бордовый,27 500,0,1 поколение,0,180000
Лада,2115 Самара,2000,"бензин, 1.5 л","70 л.с., налог",механика,передний,голубой,165 325,левый,1 поколение,1.5 MT Базовая,119000
Лада,2107,2005,"бензин, 1.6 л","74 л.с., налог",механика,задний,синий,27 000,0,1 поколение,0,97000
Лада,2111,2001,"бензин, 1.5 л","91 л.с., налог",механика,передний,серебристый,222 000,левый,1 поколение,1.5i MT Стандарт,29000
Лада,4x4 2121 Нива,2011,"бензин, 1.7 л","80 л.с., налог",механика,4WD,белый,183 000,левый,1 поколение,1.7 MT Стандарт,292000
Лада,Приора,2009,"бензин, 1.6 л","98 л.с., налог",механика,передний,0,174 000,левый,1 поколение,1.6 MT Люкс 21713-01-018,235000
Лада,4x4 2121 Нива,1999,"бензин, 1.7 л","79 л.с., налог",механика,4WD,бордовый,40 000,левый,1 поколение,0,185000
Лада,2107,2006,"бензин, 1.6 л","74 л.с., налог",механика,задний,белый,119 000,0,1 поколение,1.6 MT 21074-40-013,119000
Лада,2112,2003,"бензин, 1.5 л","92 л.с., налог",механика,передний,серебристый,262 819,левый,0,0,69000
Лада,2110,2005,"бензин, 1.6 л","80 л.с., налог",механика,передний,белый,185 000,0,1 поколение,1.6i MT 21101,86000
Лада,Приора,2012,"бензин, 1.6 л","98 л.с., налог",механика,передний,белый,172 856,левый,1 поколение,0,300000
Лада,2103,1974,"бензин, 1.5 л","77 л.с., налог",механика,задний,белый,110 000,левый,1 поколение,1.5 MT 2103,59000
Лада,Калина,2010,"бензин, 1.6 л","96 л.с., налог",механика,передний,серый,156 000,0,1 поколение,1.6 MT Люкс 11176-32-036,280000
Лада,2114 Самара,2004,"бензин, 1.5 л","77 л.с., налог",механика,передний,серебристый,178 000,левый,1 поколение,1.5 MT Базовая,100000
Лада,Веста Кросс,2018,"бензин, 1.8 л","122 л.с., налог",робот,передний,белый,59 000,левый,1 поколение,1.8 AMT Luxe + пакет Prestige,900000
Лада,2107,2011,"бензин, 1.6 л","72 л.с., налог",механика,задний,бордовый,42 000,0,1 поколение,0,230000
Лада,2105,2005,"бензин, 1.5 л","71 л.с., налог",механика,задний,красный,99 999,0,1 поколение,0,120000
Лада,Гранта,2018,"бензин, 1.6 л","87 л.с., налог",механика,передний,белый,51 000,левый,"1 поколение, рестайлинг",1.6 MT Classic,510000
Лада,Калина,2012,"бензин, 1.6 л","81 л.с., налог",механика,передний,серебристый,120 000,0,1 поколение,1.6 MT Стандарт 11173-41-040,250000
Лада,2115 Самара,2005,"бензин, 1.5 л","76 л.с., налог",механика,передний,желтый,200 000,левый,1 поколение,1.5i MT Базовая,90000
Лада,2114 Самара,2010,"бензин, 1.6 л","80 л.с., налог",механика,передний,белый,97 000,левый,1 поколение,1.6 MT 21144-22-010,180000
Лада,2111,2004,"бензин, 1.5 л","78 л.с., налог",механика,передний,синий,131 800,левый,1 поколение,1.5i MT Норма,63000
Лада,2110,2000,"бензин, 1.5 л","78 л.с., налог",механика,передний,фиолетовый,500 000,0,1 поколение,1.5i MT 21102,77000
Лада,4x4 2121 Нива,1988,"бензин, 1.6 л","73 л.с., налог",механика,4WD,зеленый,85 000,левый,1 поколение,1.6 MT Base,150000
Лада,2110,2001,"бензин, 1.5 л","78 л.с., налог",механика,передний,серебристый,50 000,0,1 поколение,1.5i MT 21102,45000
Лада,2112,2002,"бензин, 1.5 л","91 л.с., налог",механика,передний,серебристый,86 898,левый,1 поколение,1.5 MT Базовая 5-дв. 2112,55000
Лада,2105,2001,"бензин, 1.5 л","71 л.с., налог",механика,задний,черный,123 000,0,1 поколение,1.5 MT5 21053-20,130000
Лада,2105,1997,"бензин, 1.5 л","71 л.с., налог",механика,задний,бордовый,120 000,0,1 поколение,1.5 MT5 21053,42000
Лада,21099,2000,"бензин, 1.5 л","70 л.с., налог",механика,передний,зеленый,230 000,левый,1 поколение,1.5 MT 21099-00 Стандарт,50000
Лада,2112,2005,"бензин, 1.6 л","89 л.с., налог",механика,передний,серый,1,левый,1 поколение,1.6 MT Базовая 5-дв. 21124,200000
Лада,2107,2009,"бензин, 1.6 л","72 л.с., налог",механика,задний,белый,150 000,0,1 поколение,0,75000
Лада,2106,2002,"бензин, 1.6 л","75 л.с., налог",механика,задний,белый,88 000,левый,1 поколение,0,57999
Лада,2106,1997,"бензин, 1.6 л","75 л.с., налог",механика,задний,белый,60 000,левый,1 поколение,0,93000
Лада,2114 Самара,2009,"бензин, 1.6 л","89 л.с., налог",механика,передний,0,200 000,левый,1 поколение,1.6 MT 211440-24,90000
Лада,21099,2002,"бензин, 1.5 л","78 л.с., налог",механика,передний,серебристый,7 777,левый,1 поколение,1.5i MT 21099-22 Люкс,35000
Лада,2109,2004,"бензин, 1.5 л","78 л.с., налог",механика,передний,серебристый,170 000,левый,"1 поколение, рестайлинг",1.5i MT,10000
Лада,2112,2004,"бензин, 1.5 л","91 л.с., налог",механика,передний,серый,220 000,левый,1 поколение,1.5 MT Базовая 5-дв. 2112,80000
Лада,2101,1982,"бензин, 1.2 л","59 л.с., налог",механика,задний,бежевый,60 000,левый,1 поколение,1.2 MT 21013,40000
Лада,4x4 2121 Нива,1978,"бензин, 1.6 л","73 л.с., налог",механика,4WD,зеленый,54 000,левый,1 поколение,1.6 MT,120000
Лада,2112,2003,"бензин, 1.5 л","91 л.с., налог",механика,передний,серебристый,232 000,левый,1 поколение,1.5 MT Базовая 5-дв. 2112,87000
Лада,2105,1993,"бензин, 1.5 л","71 л.с., налог",механика,задний,белый,666 666,0,1 поколение,1.5 MT5 21053,45000
Лада,Калина,2011,"бензин, 1.6 л","98 л.с., налог",механика,передний,серый,226 000,0,1 поколение,1.6 MT Люкс 11176-48-068,240000
Лада,2115 Самара,2005,"бензин, 1.5 л","76 л.с., налог",механика,передний,серебристый,140 000,левый,1 поколение,1.5i MT Базовая,65000
Лада,2115 Самара,2002,"бензин, 1.5 л","70 л.с., налог",механика,передний,зеленый,311 718,левый,1 поколение,1.5 MT Базовая,90000
Лада,Гранта,2013,"бензин, 1.6 л","98 л.с., налог",АКПП,передний,синий,134 000,левый,1 поколение,1.6 AT Люкс,420000
Лада,2107,2006,"бензин, 1.6 л","74 л.с., налог",механика,задний,белый,19 017,0,1 поколение,0,84000
Лада,2112,2006,"бензин, 1.6 л","89 л.с., налог",механика,передний,зеленый,147 539,левый,1 поколение,1.6 MT Базовая 5-дв. 21124,79999
Лада,21099,1999,"бензин, 1.5 л","70 л.с., налог",механика,передний,зеленый,189 446,левый,1 поколение,1.5 MT 21099-00 Стандарт,66000
Лада,2106,1997,"бензин, 1.6 л","75 л.с., налог",механика,задний,0,73 250,левый,1 поколение,1.6 MT4 2106,95000
Лада,2106,2004,"бензин, 1.6 л","75 л.с., налог",механика,задний,белый,75 000,левый,1 поколение,1.6 MT5 2106,95000
Лада,2105,1999,"бензин, 1.6 л","80 л.с., налог",механика,задний,фиолетовый,65 293,0,1 поколение,1.6 MT 21054 Спецверсия для милиции,60000
Лада,2114 Самара,2013,"бензин, 1.6 л","81 л.с., налог",механика,передний,черный,105 000,левый,1 поколение,1.6 MT 21144-40-021,280000
Лада,4x4 2121 Нива,1997,"бензин, 1.7 л","80 л.с., налог",механика,4WD,белый,140 000,левый,1 поколение,1.7 MT,120000
Лада,2105,1998,"бензин, 1.5 л","71 л.с., налог",механика,задний,синий,74 000,0,1 поколение,0,55000
Лада,2106,2001,"бензин, 1.6 л","75 л.с., налог",механика,задний,синий,175 000,левый,1 поколение,1.6 MT4 2106,75000
Лада,Гранта,2013,"бензин, 1.6 л","98 л.с., налог",АКПП,передний,серый,125 420,левый,1 поколение,1.6 AT Люкс,360000
Лада,21099,2000,"бензин, 1.5 л","70 л.с., налог",механика,передний,голубой,185 621,левый,1 поколение,1.5 MT 21099-00 Стандарт,60000
Лада,2104,2004,"бензин, 1.5 л","71 л.с., налог",механика,задний,синий,40 000,левый,1 поколение,1.5 MT4 21043,75000
Лада,2112,2002,"бензин, 1.5 л","91 л.с., налог",механика,передний,серебристый,135 800,левый,1 поколение,1.5 MT Базовая 5-дв. 2112,150000
Лада,2106,1992,"бензин, 1.5 л","72 л.с., налог",механика,задний,белый,100 000,левый,1 поколение,0,59000
Лада,2114 Самара,2005,"бензин, 1.5 л","77 л.с., налог",механика,передний,черный,150 000,левый,1 поколение,1.5 MT Базовая,140000
Лада,Гранта,2020,"бензин, 1.6 л","87 л.с., налог",механика,передний,белый,21 000,левый,"1 поколение, рестайлинг",1.6 MT Standart,260000
Лада,2110,2001,"бензин, 1.5 л","71 л.с., налог",механика,передний,голубой,58 678,0,1 поколение,1.5 MT 2110,75000
Лада,2109,2000,"бензин, 1.5 л","68 л.с., налог",механика,передний,0,280 000,левый,"1 поколение, рестайлинг",0,75000
Лада,2108,1997,"бензин, 1.5 л","70 л.с., налог",механика,передний,0,220 000,левый,"1 поколение, рестайлинг",0,45000
Лада,2106,1996,"бензин, 1.5 л","72 л.с., налог",механика,задний,0,100 000,левый,1 поколение,0,57000
Лада,2112,2003,"бензин, 1.5 л","91 л.с., налог",механика,передний,серебристый,80,левый,1 поколение,1.5 MT Базовая 5-дв. 2112,125000
Лада,2112,2004,0,0,0,0,серебристый,220 000,левый,1 поколение,0,70000
